Sn,Degree,Volt CH-1,Volt CH-2,Load,Sync,,,,,,,,,,,,
1,0,0.932,0.465,0,2.004,,,,,,,,,,,,
2,0.2,0.932,0.466,0.048,2,,slop-ch1,0.0450,,,0.0450,,,,,,
3,0.4,0.932,0.465,0.11,2.004,,slope-ch2,0.0226,,,0.0226,,,,,,
4,0.6,0.932,0.465,0.12,2.004,,,,,,,,,,,,
5,0.8,0.932,0.465,0.168,2.004,,,,,,,,,,,,
6,1,0.934,0.468,0.165,1.996,,,,,,,0.961997,,,,,
7,1.2,0.943,0.472,0.154,1.998,,,,,,0.9430,0.47252,0.2247,0.2,0.934,,
8,1.4,0.953,0.477,0.17,1.998,,,,,,0.9520,0.47652,0.2200,,0.009,,
9,1.6,0.962,0.482,0.162,1.996,,0.9620,,,,0.9620,0.48152,0.4313,,0.943,,
10,1.8,0.971,0.486,0.16,1.998,,0.9710,0.4865,,,0.9710,0.48652,0.2119,,,1.997881356,0.002118644
11,2,0.981,0.491,0.174,1.998,,0.9800,0.4905,,,0.9800,0.49052,0.2076,,0.002118644,0.943,0.002246706
12,2.2,0.99,0.496,0.162,1.996,,0.9900,0.4955,,,0.9900,0.49552,0.4073,,,,0.224670633
13,2.4,1,0.501,0.17,1.996,,0.9990,0.5005,,,0.9990,0.50052,0.3992,,,,
14,2.6,1.008,0.505,0.169,1.996,,1.0090,0.5055,,,1.0090,0.50552,0.3929,,,,
15,2.8,1.019,0.51,0.165,1.998,,1.0170,0.5095,,,1.0170,0.50952,0.1924,,,,
16,3,1.027,0.514,0.17,1.998,,1.0280,0.5145,,,1.0280,0.51452,0.1894,,,,
17,3.2,1.037,0.519,0.167,1.998,,1.0360,0.5185,,,1.0360,0.51852,0.1858,,,,
18,3.4,1.045,0.523,0.164,1.998,,1.0460,0.5235,,,1.0460,0.52352,0.1830,,,,
19,3.6,1.054,0.528,0.169,1.996,,1.0540,0.5275,,,1.0540,0.52752,0.3594,,,,
20,3.8,1.064,0.533,0.172,1.996,,1.0630,0.5325,,,1.0630,0.53252,0.3527,,,,
21,4,1.071,0.536,0.171,1.998,,1.0730,0.5375,,,1.0730,0.53752,0.1742,,,,
22,4.2,1.081,0.541,0.177,1.998,,1.0800,0.5405,,,1.0800,0.54052,0.1710,,,,
23,4.4,1.089,0.545,0.174,1.998,,1.0900,0.5455,,,1.0900,0.54552,0.1685,,,,
24,4.6,1.1,0.55,0.173,2,,1.0980,0.5495,,,1.0980,0.54952,0.0000,,,,
25,4.8,1.107,0.554,0.176,1.998,,1.1090,0.5545,,,1.1090,0.55452,0.1631,,,,
26,5,1.118,0.56,0.174,1.996,,1.1160,0.5585,,,1.1160,0.55852,0.3194,,,,
27,5.2,1.126,0.563,0.175,2,,1.1270,0.5645,,,1.1270,0.56452,0.0000,,,,
28,5.4,1.134,0.567,0.18,2,,1.1350,0.5675,,,1.1350,0.56752,0.0000,,,,
29,5.6,1.144,0.573,0.184,1.997,,1.1430,0.5715,,,1.1430,0.57152,0.3051,,,,
30,5.8,1.152,0.577,0.182,1.997,,1.1530,0.5775,,,1.1530,0.57752,0.3009,,,,
31,6,1.163,0.582,0.185,1.998,,1.1610,0.5815,,,1.1610,0.58152,0.1477,,,,
32,6.2,1.171,0.586,0.185,1.998,,1.1720,0.5865,,,1.1720,0.58652,,,,,
33,6.4,1.182,0.592,0.183,1.997,,1.1800,0.5905,,,1.1800,0.59052,,,,,
34,6.6,1.191,0.596,0.185,1.998,,1.1910,0.5965,,,1.1910,0.59652,,,,,
35,6.8,1.202,0.601,0.182,2,,1.2000,0.6005,,,1.2000,0.60052,,,,,
36,7,1.21,0.605,0.183,2,,1.2110,0.6055,,,1.2110,0.60552,,,,,
37,7.2,1.218,0.609,0.189,2,,1.2190,0.6095,,,1.2190,0.60952,,,,,
38,7.4,1.229,0.615,0.187,1.998,,1.2270,0.6135,,,1.2270,0.61352,,,,,
39,7.6,1.237,0.619,0.191,1.998,,1.2380,0.6195,,,1.2380,0.61952,,,,,
40,7.8,1.247,0.624,0.191,1.998,,1.2460,0.6235,,,1.2460,0.62352,,,,,
41,8,1.256,0.628,0.188,2,,1.2560,0.6285,,,1.2560,0.62852,,,,,
42,8.2,1.265,0.633,0.191,1.998,,1.2650,0.6325,,,1.2650,0.63252,,,,,
43,8.4,1.274,0.637,0.192,2,,1.2740,0.6375,,,1.2740,0.63752,,,,,
44,8.6,1.284,0.642,0.189,2,,1.2830,0.6415,,,1.2830,0.64152,,,,,
45,8.8,1.293,0.647,0.193,1.998,,1.2930,0.6465,,,1.2930,0.64652,,,,,
46,9,1.3,0.651,0.192,1.997,,1.3020,0.6515,,,1.3020,0.65152,,,,,
47,9.2,1.31,0.655,0.197,2,,1.3090,0.6555,,,1.3090,0.65552,,,,,
48,9.4,1.317,0.659,0.197,1.998,,1.3190,0.6595,,,1.3190,0.65952,,,,,
49,9.6,1.328,0.664,0.199,2,,1.3260,0.6635,,,1.3260,0.66352,,,,,
50,9.8,1.336,0.668,0.196,2,,1.3370,0.6685,,,1.3370,0.66852,,,,,
51,10,1.346,0.673,0.198,2,,1.3450,0.6725,,,1.3450,0.67252,,,,,
52,10.2,1.354,0.677,0.202,2,,1.3550,0.6775,,,1.3550,0.67752,,,,,
53,10.4,1.365,0.683,0.198,1.999,,1.3630,0.6815,,,1.3630,0.68152,,,,,
54,10.6,1.372,0.686,0.2,2,,1.3740,0.6875,,,1.3740,0.68752,,,,,
55,10.8,1.38,0.691,0.203,1.997,,1.3810,0.6905,,,1.3810,0.69052,,,,,
56,11,1.39,0.696,0.207,1.997,,1.3890,0.6955,,,1.3890,0.69552,,,,,
57,11.2,1.399,0.7,0.206,1.999,,1.3990,0.7005,,,1.3990,0.70052,,,,,
58,11.4,1.41,0.706,0.21,1.997,,1.4080,0.7045,,,1.4080,0.70452,,,,,
59,11.6,1.419,0.71,0.208,1.999,,1.4190,0.7105,,,1.4190,0.71052,,,,,
60,11.8,1.429,0.715,0.208,1.999,,1.4280,0.7145,,,1.4280,0.71452,,,,,
61,12,1.437,0.719,0.211,1.999,,1.4380,0.7195,,,1.4380,0.71952,,,,,
62,12.2,1.447,0.724,0.208,1.999,,1.4460,0.7235,,,1.4460,0.72352,,,,,
63,12.4,1.456,0.728,0.209,2,,1.4560,0.7285,,,1.4560,0.72852,,,,,
64,12.6,1.464,0.733,0.211,1.997,,1.4650,0.7325,,,1.4650,0.73252,,,,,
65,12.8,1.475,0.738,0.215,1.999,,1.4730,0.7375,,,1.4730,0.73752,,,,,
66,13,1.483,0.742,0.214,1.999,,1.4840,0.7425,,,1.4840,0.74252,,,,,
67,13.2,1.493,0.747,0.218,1.999,,1.4920,0.7465,,,1.4920,0.74652,,,,,
68,13.4,1.502,0.751,0.214,2,,1.5020,0.7515,,,1.5020,0.75152,,,,,
69,13.6,1.512,0.756,0.212,2,,1.5110,0.7555,,,1.5110,0.75552,,,,,
70,13.8,1.52,0.76,0.217,2,,1.5210,0.7605,,,1.5210,0.76052,,,,,
71,14,1.529,0.765,0.214,1.999,,1.5290,0.7645,,,1.5290,0.76452,,,,,
72,14.2,1.538,0.769,0.215,2,,1.5380,0.7695,,,1.5380,0.76952,,,,,
73,14.4,1.546,0.774,0.218,1.997,,1.5470,0.7735,,,1.5470,0.77352,,,,,
74,14.6,1.555,0.778,0.222,1.999,,1.5550,0.7785,,,1.5550,0.77852,,,,,
75,14.8,1.563,0.782,0.22,1.999,,1.5640,0.7825,,,1.5640,0.78252,,,,,
76,15,1.574,0.787,0.222,2,,1.5720,0.7865,,,1.5720,0.78652,,,,,
77,15.2,1.582,0.791,0.221,2,,1.5830,0.7915,,,1.5830,0.79152,,,,,
78,15.4,1.592,0.796,0.222,2,,1.5910,0.7955,,,1.5910,0.79552,,,,,
79,15.6,1.6,0.8,0.224,2,,1.6010,0.8005,,,1.6010,0.80052,,,,,
80,15.8,1.609,0.805,0.222,1.999,,1.6090,0.8045,,,1.6090,0.80452,,,,,
81,16,1.616,0.809,0.222,1.998,,1.6180,0.8095,,,1.6180,0.80952,,,,,
82,16.2,1.624,0.812,0.224,2,,1.6250,0.8135,,,1.6250,0.81352,,,,,
83,16.4,1.634,0.818,0.229,1.998,,1.6330,0.8165,,,1.6330,0.81652,,,,,
84,16.6,1.642,0.822,0.228,1.998,,1.6430,0.8225,,,1.6430,0.82252,,,,,
85,16.8,1.652,0.827,0.232,1.998,,1.6510,0.8265,,,1.6510,0.82652,,,,,
86,17,1.66,0.83,0.229,2,,1.6610,0.8315,,,1.6610,0.83152,,,,,
87,17.2,1.67,0.835,0.227,2,,1.6690,0.8345,,,1.6690,0.83452,,,,,
88,17.4,1.677,0.839,0.232,1.999,,1.6790,0.8395,,,1.6790,0.83952,,,,,
89,17.6,1.686,0.844,0.228,1.998,,1.6860,0.8435,,,1.6860,0.84352,,,,,
90,17.8,1.694,0.848,0.226,1.998,,1.6950,0.8485,,,1.6950,0.84852,,,,,
91,18,1.702,0.852,0.232,1.998,,1.7030,0.8525,,,1.7030,0.85252,,,,,
92,18.2,1.712,0.857,0.234,1.998,,1.7110,0.8565,,,1.7110,0.85652,,,,,
93,18.4,1.72,0.86,0.232,2,,1.7210,0.8615,,,1.7210,0.86152,,,,,
94,18.6,1.729,0.865,0.238,1.999,,1.7290,0.8645,,,1.7290,0.86452,,,,,
95,18.8,1.737,0.869,0.233,1.999,,1.7380,0.8695,,,1.7380,0.86952,,,,,
96,19,1.746,0.874,0.235,1.998,,1.7460,0.8735,,,1.7460,0.87352,,,,,
97,19.2,1.754,0.878,0.237,1.998,,1.7550,0.8785,,,1.7550,0.87852,,,,,
98,19.4,1.765,0.884,0.234,1.997,,1.7630,0.8825,,,1.7630,0.88252,,,,,
99,19.6,1.773,0.888,0.235,1.997,,1.7740,0.8885,,,1.7740,0.88852,,,,,
100,19.8,1.781,0.892,0.237,1.997,,1.7820,0.8925,,,1.7820,0.89252,,,,,
101,20,1.79,0.896,0.243,1.998,,1.7900,0.8965,,,1.7900,0.89652,,,,,
102,20.2,1.798,0.901,0.24,1.996,,1.7990,0.9005,,,1.7990,0.90052,,,,,
103,20.4,1.808,0.905,0.244,1.998,,1.8070,0.9055,,,1.8070,0.90552,,,,,
104,20.6,1.816,0.91,0.242,1.996,,1.8170,0.9095,,,1.8170,0.90952,,,,,
105,20.8,1.827,0.915,0.24,1.997,,1.8250,0.9145,,,1.8250,0.91452,,,,,
106,21,1.836,0.92,0.244,1.996,,1.8360,0.9195,,,1.8360,0.91952,,,,,
107,21.2,1.845,0.925,0.24,1.995,,1.8450,0.9245,,,1.8450,0.92452,,,,,
108,21.4,1.854,0.929,0.241,1.996,,1.8540,0.9295,,,1.8540,0.92952,,,,,
109,21.6,1.862,0.933,0.243,1.996,,1.8630,0.9335,,,1.8630,0.93352,,,,,
110,21.8,1.873,0.939,0.246,1.995,,1.8710,0.9375,,,1.8710,0.93752,,,,,
111,22,1.882,0.943,0.244,1.996,,1.8820,0.9435,,,1.8820,0.94352,,,,,
112,22.2,1.892,0.948,0.246,1.996,,1.8910,0.9475,,,1.8910,0.94752,,,,,
113,22.4,1.901,0.952,0.245,1.997,,1.9010,0.9525,,,1.9010,0.95252,,,,,
114,22.6,1.911,0.957,0.243,1.997,,1.9100,0.9565,,,1.9100,0.95652,,,,,
115,22.8,1.919,0.961,0.246,1.997,,1.9200,0.9615,,,1.9200,0.96152,,,,,
116,23,1.93,0.966,0.246,1.998,,1.9280,0.9655,,,1.9280,0.96552,,,,,
117,23.2,1.939,0.97,0.241,1.999,,1.9390,0.9705,,,1.9390,0.97052,,,,,
118,23.4,1.946,0.974,0.246,1.998,,1.9480,0.9745,,,1.9480,0.97452,,,,,
119,23.6,1.956,0.979,0.249,1.998,,1.9550,0.9785,,,1.9550,0.97852,,,,,
120,23.8,1.964,0.983,0.244,1.998,,1.9650,0.9835,,,1.9650,0.98352,,,,,
121,24,1.974,0.988,0.253,1.998,,1.9730,0.9875,,,1.9730,0.98752,,,,,
122,24.2,1.981,0.992,0.248,1.997,,1.9830,0.9925,,,1.9830,0.99252,,,,,
123,24.4,1.992,0.997,0.243,1.998,,1.9900,0.9965,,,1.9900,0.99652,,,,,
124,24.6,2,1.001,0.249,1.998,,2.0010,1.0015,,,2.0010,1.00152,,,,,
125,24.8,2.011,1.007,0.246,1.997,,2.0090,1.0055,,,2.0090,1.00552,,,,,
126,25,2.019,1.011,0.245,1.997,,2.0200,1.0115,,,2.0200,1.01152,,,,,
127,25.2,2.027,1.015,0.251,1.997,,2.0280,1.0155,,,2.0280,1.01552,,,,,
128,25.4,2.036,1.02,0.249,1.996,,2.0360,1.0195,,,2.0360,1.01952,,,,,
129,25.6,2.045,1.024,0.249,1.997,,2.0450,1.0245,,,2.0450,1.02452,,,,,
130,25.8,2.055,1.029,0.253,1.997,,2.0540,1.0285,,,2.0540,1.02852,,,,,
131,26,2.064,1.033,0.25,1.998,,2.0640,1.0335,,,2.0640,1.03352,,,,,
132,26.2,2.074,1.038,0.25,1.998,,2.0730,1.0375,,,2.0730,1.03752,,,,,
133,26.4,2.082,1.043,0.252,1.996,,2.0830,1.0425,,,2.0830,1.04252,,,,,
134,26.6,2.091,1.047,0.251,1.997,,2.0910,1.0475,,,2.0910,1.04752,,,,,
135,26.8,2.1,1.052,0.249,1.996,,2.1000,1.0515,,,2.1000,1.05152,,,,,
136,27,2.108,1.056,0.25,1.996,,2.1090,1.0565,,,2.1090,1.05652,,,,,
137,27.2,2.12,1.061,0.257,1.998,,2.1170,1.0605,,,2.1170,1.06052,,,,,
138,27.4,2.127,1.065,0.249,1.997,,2.1290,1.0655,,,2.1290,1.06552,,,,,
139,27.6,2.138,1.07,0.256,1.998,,2.1360,1.0695,,,2.1360,1.06952,,,,,
140,27.8,2.146,1.074,0.256,1.998,,2.1470,1.0745,,,2.1470,1.07452,,,,,
141,28,2.157,1.079,0.248,1.999,,2.1550,1.0785,,,2.1550,1.07852,,,,,
142,28.2,2.165,1.083,0.254,1.999,,2.1660,1.0835,,,2.1660,1.08352,,,,,
143,28.4,2.174,1.087,0.251,2,,2.1740,1.0875,,,2.1740,1.08752,,,,,
144,28.6,2.182,1.091,0.251,2,,2.1830,1.0915,,,2.1830,1.09152,,,,,
145,28.8,2.19,1.095,0.255,2,,2.1910,1.0955,,,2.1910,1.09552,,,,,
146,29,2.199,1.1,0.257,1.999,,2.1990,1.0995,,,2.1990,1.09952,,,,,
147,29.2,2.207,1.104,0.253,1.999,,2.2080,1.1045,,,2.2080,1.10452,,,,,
148,29.4,2.215,1.109,0.26,1.997,,2.2160,1.1085,,,2.2160,1.10852,,,,,
149,29.6,2.223,1.113,0.254,1.997,,2.2240,1.1135,,,2.2240,1.11352,,,,,
150,29.8,2.234,1.118,0.256,1.998,,2.2320,1.1175,,,2.2320,1.11752,,,,,
151,30,2.242,1.122,0.258,1.998,,2.2430,1.1225,,,2.2430,1.12252,,,,,
152,30.2,2.251,1.127,0.254,1.997,,2.2510,1.1265,,,2.2510,1.12652,,,,,
153,30.4,2.259,1.131,0.253,1.997,,2.2600,1.1315,,,2.2600,1.13152,,,,,
154,30.6,2.267,1.135,0.255,1.997,,2.2680,1.1355,,,2.2680,1.13552,,,,,
155,30.8,2.276,1.14,0.258,1.996,,2.2760,1.1395,,,2.2760,1.13952,,,,,
156,31,2.285,1.144,0.258,1.997,,2.2850,1.1445,,,2.2850,1.14452,,,,,
157,31.2,2.295,1.15,0.262,1.996,,2.2940,1.1485,,,2.2940,1.14852,,,,,
158,31.4,2.303,1.154,0.257,1.996,,2.3040,1.1545,,,2.3040,1.15452,,,,,
159,31.6,2.314,1.159,0.256,1.997,,2.3120,1.1585,,,2.3120,1.15852,,,,,
160,31.8,2.322,1.163,0.261,1.997,,2.3230,1.1635,,,2.3230,1.16352,,,,,
161,32,2.332,1.168,0.261,1.997,,2.3310,1.1675,,,2.3310,1.16752,,,,,
162,32.2,2.341,1.173,0.258,1.996,,2.3410,1.1725,,,2.3410,1.17252,,,,,
163,32.4,2.35,1.177,0.262,1.997,,2.3500,1.1775,,,2.3500,1.17752,,,,,
164,32.6,2.361,1.182,0.265,1.997,,2.3590,1.1815,,,2.3590,1.18152,,,,,
165,32.8,2.37,1.186,0.263,1.998,,2.3700,1.1865,,,2.3700,1.18652,,,,,
166,33,2.379,1.191,0.268,1.997,,2.3790,1.1905,,,2.3790,1.19052,,,,,
167,33.2,2.387,1.195,0.264,1.997,,2.3880,1.1955,,,2.3880,1.19552,,,,,
168,33.4,2.397,1.2,0.263,1.998,,2.3960,1.1995,,,2.3960,1.19952,,,,,
169,33.6,2.404,1.203,0.266,1.998,,2.4060,1.2045,,,2.4060,1.20452,,,,,
170,33.8,2.416,1.21,0.264,1.997,,2.4130,1.2075,,,2.4130,1.20752,,,,,
171,34,2.425,1.213,0.261,1.999,,2.4250,1.2145,,,2.4250,1.21452,,,,,
172,34.2,2.433,1.218,0.264,1.998,,2.4340,1.2175,,,2.4340,1.21752,,,,,
173,34.4,2.442,1.223,0.269,1.997,,2.4420,1.2225,,,2.4420,1.22252,,,,,
174,34.6,2.451,1.227,0.264,1.998,,2.4510,1.2275,,,2.4510,1.22752,,,,,
175,34.8,2.46,1.232,0.272,1.997,,2.4600,1.2315,,,2.4600,1.23152,,,,,
176,35,2.469,1.235,0.27,1.999,,2.4690,1.2365,,,2.4690,1.23652,,,,,
177,35.2,2.48,1.242,0.265,1.997,,2.4780,1.2395,,,2.4780,1.23952,,,,,
178,35.4,2.489,1.246,0.27,1.998,,2.4890,1.2465,,,2.4890,1.24652,,,,,
179,35.6,2.5,1.252,0.267,1.997,,2.4980,1.2505,,,2.4980,1.25052,,,,,
180,35.8,2.509,1.256,0.265,1.998,,2.5090,1.2565,,,2.5090,1.25652,,,,,
181,36,2.516,1.26,0.271,1.997,,2.5180,1.2605,,,2.5180,1.26052,,,,,
182,36.2,2.527,1.265,0.271,1.998,,2.5250,1.2645,,,2.5250,1.26452,,,,,
183,36.4,2.537,1.27,0.27,1.998,,2.5360,1.2695,,,2.5360,1.26952,,,,,
184,36.6,2.546,1.275,0.274,1.997,,2.5460,1.2745,,,2.5460,1.27452,,,,,
185,36.8,2.555,1.279,0.269,1.998,,2.5550,1.2795,,,2.5550,1.27952,,,,,
186,37,2.565,1.284,0.271,1.998,,2.5640,1.2835,,,2.5640,1.28352,,,,,
187,37.2,2.573,1.288,0.274,1.998,,2.5740,1.2885,,,2.5740,1.28852,,,,,
188,37.4,2.583,1.293,0.272,1.998,,2.5820,1.2925,,,2.5820,1.29252,,,,,
189,37.6,2.592,1.297,0.269,1.998,,2.5920,1.2975,,,2.5920,1.29752,,,,,
190,37.8,2.6,1.301,0.273,1.998,,2.6010,1.3015,,,2.6010,1.30152,,,,,
191,38,2.611,1.306,0.276,1.999,,2.6090,1.3055,,,2.6090,1.30552,,,,,
192,38.2,2.619,1.311,0.273,1.998,,2.6200,1.3105,,,2.6200,1.31052,,,,,
193,38.4,2.627,1.315,0.278,1.998,,2.6280,1.3155,,,2.6280,1.31552,,,,,
194,38.6,2.636,1.319,0.274,1.998,,2.6360,1.3195,,,2.6360,1.31952,,,,,
195,38.8,2.646,1.324,0.274,1.998,,2.6450,1.3235,,,2.6450,1.32352,,,,,
196,39,2.654,1.328,0.276,1.998,,2.6550,1.3285,,,2.6550,1.32852,,,,,
197,39.2,2.665,1.334,0.274,1.998,,2.6630,1.3325,,,2.6630,1.33252,,,,,
198,39.4,2.675,1.339,0.272,1.998,,2.6740,1.3385,,,2.6740,1.33852,,,,,
199,39.6,2.683,1.343,0.275,1.998,,2.6840,1.3435,,,2.6840,1.34352,,,,,
200,39.8,2.691,1.347,0.278,1.998,,2.6920,1.3475,,,2.6920,1.34752,,,,,
201,40,2.699,1.351,0.273,1.998,,2.7000,1.3515,,,2.7000,1.35152,,,,,
202,40.2,2.71,1.356,0.284,1.999,,2.7080,1.3555,,,2.7080,1.35552,,,,,
203,40.4,2.719,1.361,0.28,1.998,,2.7190,1.3605,,,2.7190,1.36052,,,,,
204,40.6,2.729,1.366,0.276,1.998,,2.7280,1.3655,,,2.7280,1.36552,,,,,
205,40.8,2.737,1.37,0.281,1.998,,2.7380,1.3705,,,2.7380,1.37052,,,,,
206,41,2.747,1.375,0.279,1.998,,2.7460,1.3745,,,2.7460,1.37452,,,,,
207,41.2,2.755,1.379,0.274,1.998,,2.7560,1.3795,,,2.7560,1.37952,,,,,
208,41.4,2.763,1.383,0.279,1.998,,2.7640,1.3835,,,2.7640,1.38352,,,,,
209,41.6,2.774,1.388,0.282,1.999,,2.7720,1.3875,,,2.7720,1.38752,,,,,
210,41.8,2.783,1.393,0.278,1.998,,2.7830,1.3925,,,2.7830,1.39252,,,,,
211,42,2.793,1.398,0.285,1.998,,2.7920,1.3975,,,2.7920,1.39752,,,,,
212,42.2,2.801,1.402,0.282,1.998,,2.8020,1.4025,,,2.8020,1.40252,,,,,
213,42.4,2.812,1.407,0.28,1.999,,2.8100,1.4065,,,2.8100,1.40652,,,,,
214,42.6,2.82,1.411,0.284,1.999,,2.8210,1.4115,,,2.8210,1.41152,,,,,
215,42.8,2.829,1.416,0.281,1.998,,2.8290,1.4155,,,2.8290,1.41552,,,,,
216,43,2.838,1.42,0.281,1.999,,2.8380,1.4205,,,2.8380,1.42052,,,,,
217,43.2,2.847,1.425,0.283,1.998,,2.8470,1.4245,,,2.8470,1.42452,,,,,
218,43.4,2.856,1.43,0.288,1.997,,2.8560,1.4295,,,2.8560,1.42952,,,,,
219,43.6,2.864,1.433,0.287,1.999,,2.8650,1.4345,,,2.8650,1.43452,,,,,
220,43.8,2.875,1.439,0.29,1.998,,2.8730,1.4375,,,2.8730,1.43752,,,,,
221,44,2.882,1.442,0.287,1.999,,2.8840,1.4435,,,2.8840,1.44352,,,,,
222,44.2,2.894,1.448,0.287,1.999,,2.8910,1.4465,,,2.8910,1.44652,,,,,
223,44.4,2.902,1.452,0.289,1.999,,2.9030,1.4525,,,2.9030,1.45252,,,,,
224,44.6,2.912,1.457,0.286,1.999,,2.9110,1.4565,,,2.9110,1.45652,,,,,
225,44.8,2.92,1.462,0.286,1.997,,2.9210,1.4615,,,2.9210,1.46152,,,,,
226,45,2.929,1.466,0.288,1.998,,2.9290,1.4665,,,2.9290,1.46652,,,,,
227,45.2,2.939,1.471,0.289,1.998,,2.9380,1.4705,,,2.9380,1.47052,,,,,
228,45.4,2.946,1.475,0.29,1.997,,2.9480,1.4755,,,2.9480,1.47552,,,,,
229,45.6,2.959,1.481,0.292,1.998,,2.9550,1.4795,,,2.9550,1.47952,,,,,
230,45.8,2.967,1.484,0.288,1.999,,2.9680,1.4855,,,2.9680,1.48552,,,,,
231,46,2.978,1.49,0.292,1.999,,2.9760,1.4885,,,2.9760,1.48852,,,,,
232,46.2,2.987,1.494,0.291,1.999,,2.9870,1.4945,,,2.9870,1.49452,,,,,
233,46.4,2.996,1.499,0.289,1.999,,2.9960,1.4985,,,2.9960,1.49852,,,,,
234,46.6,3.004,1.503,0.29,1.999,,3.0050,1.5035,,,3.0050,1.50352,,,,,
235,46.8,3.013,1.507,0.29,1.999,,3.0130,1.5075,,,3.0130,1.50752,,,,,
236,47,3.024,1.513,0.295,1.999,,3.0220,1.5115,,,3.0220,1.51152,,,,,
237,47.2,3.032,1.517,0.291,1.999,,3.0330,1.5175,,,3.0330,1.51752,,,,,
238,47.4,3.041,1.521,0.296,1.999,,3.0410,1.5215,,,3.0410,1.52152,,,,,
239,47.6,3.048,1.525,0.296,1.999,,3.0500,1.5255,,,3.0500,1.52552,,,,,
240,47.8,3.059,1.53,0.293,1.999,,3.0570,1.5295,,,3.0570,1.52952,,,,,
241,48,3.067,1.534,0.293,1.999,,3.0680,1.5345,,,3.0680,1.53452,,,,,
242,48.2,3.078,1.54,0.294,1.999,,3.0760,1.5385,,,3.0760,1.53852,,,,,
243,48.4,3.085,1.543,0.292,1.999,,3.0870,1.5445,,,3.0870,1.54452,,,,,
244,48.6,3.093,1.547,0.294,1.999,,3.0940,1.5475,,,3.0940,1.54752,,,,,
245,48.8,3.101,1.551,0.298,1.999,,3.1020,1.5515,,,3.1020,1.55152,,,,,
246,49,3.108,1.555,0.296,1.999,,3.1100,1.5555,,,3.1100,1.55552,,,,,
247,49.2,3.118,1.56,0.298,1.999,,3.1170,1.5595,,,3.1170,1.55952,,,,,
248,49.4,3.127,1.565,0.298,1.998,,3.1270,1.5645,,,3.1270,1.56452,,,,,
249,49.6,3.138,1.57,0.297,1.999,,3.1360,1.5695,,,3.1360,1.56952,,,,,
250,49.8,3.145,1.574,0.298,1.998,,3.1470,1.5745,,,3.1470,1.57452,,,,,
251,50,3.158,1.58,0.298,1.999,,3.1540,1.5785,,,3.1540,1.57852,,,,,
252,50.2,3.165,1.584,0.297,1.998,,3.1670,1.5845,,,3.1670,1.58452,,,,,
253,50.4,3.173,1.588,0.3,1.998,,3.1740,1.5885,,,3.1740,1.58852,,,,,
254,50.6,3.184,1.592,0.304,2,,3.1820,1.5925,,,3.1820,1.59252,,,,,
255,50.8,3.192,1.597,0.301,1.999,,3.1930,1.5965,,,3.1930,1.59652,,,,,
256,51,3.202,1.602,0.305,1.999,,3.2010,1.6015,,,3.2010,1.60152,,,,,
257,51.2,3.21,1.606,0.303,1.999,,3.2110,1.6065,,,3.2110,1.60652,,,,,
258,51.4,3.22,1.611,0.301,1.999,,3.2190,1.6105,,,3.2190,1.61052,,,,,
259,51.6,3.227,1.614,0.303,1.999,,3.2290,1.6155,,,3.2290,1.61552,,,,,
260,51.8,3.237,1.619,0.302,1.999,,3.2360,1.6185,,,3.2360,1.61852,,,,,
261,52,3.246,1.624,0.301,1.999,,3.2460,1.6235,,,3.2460,1.62352,,,,,
262,52.2,3.254,1.628,0.303,1.999,,3.2550,1.6285,,,3.2550,1.62852,,,,,
263,52.4,3.265,1.633,0.306,1.999,,3.2630,1.6325,,,3.2630,1.63252,,,,,
264,52.6,3.272,1.637,0.304,1.999,,3.2740,1.6375,,,3.2740,1.63752,,,,,
265,52.8,3.281,1.641,0.309,1.999,,3.2810,1.6415,,,3.2810,1.64152,,,,,
266,53,3.29,1.645,0.305,2,,3.2900,1.6455,,,3.2900,1.64552,,,,,
267,53.2,3.299,1.65,0.306,1.999,,3.2990,1.6495,,,3.2990,1.64952,,,,,
268,53.4,3.307,1.654,0.311,1.999,,3.3080,1.6545,,,3.3080,1.65452,,,,,
269,53.6,3.319,1.66,0.305,1.999,,3.3160,1.6585,,,3.3160,1.65852,,,,,
270,53.8,3.326,1.664,0.304,1.999,,3.3280,1.6645,,,3.3280,1.66452,,,,,
271,54,3.335,1.668,0.309,1.999,,3.3350,1.6685,,,3.3350,1.66852,,,,,
272,54.2,3.343,1.672,0.312,1.999,,3.3440,1.6725,,,3.3440,1.67252,,,,,
273,54.4,3.352,1.677,0.309,1.999,,3.3520,1.6765,,,3.3520,1.67652,,,,,
274,54.6,3.364,1.683,0.317,1.999,,3.3610,1.6815,,,3.3610,1.68152,,,,,
275,54.8,3.372,1.687,0.312,1.999,,3.3730,1.6875,,,3.3730,1.68752,,,,,
276,55,3.383,1.692,0.311,1.999,,3.3810,1.6915,,,3.3810,1.69152,,,,,
277,55.2,3.392,1.696,0.314,2,,3.3920,1.6965,,,3.3920,1.69652,,,,,
278,55.4,3.401,1.701,0.313,1.999,,3.4010,1.7005,,,3.4010,1.70052,,,,,
279,55.6,3.41,1.705,0.311,2,,3.4100,1.7055,,,3.4100,1.70552,,,,,
280,55.8,3.417,1.709,0.314,1.999,,3.4190,1.7095,,,3.4190,1.70952,,,,,
281,56,3.429,1.715,0.318,1.999,,3.4260,1.7135,,,3.4260,1.71352,,,,,
282,56.2,3.438,1.719,0.316,2,,3.4380,1.7195,,,3.4380,1.71952,,,,,
283,56.4,3.448,1.724,0.32,2,,3.4470,1.7235,,,3.4470,1.72352,,,,,
284,56.6,3.456,1.729,0.316,1.999,,3.4570,1.7285,,,3.4570,1.72852,,,,,
285,56.8,3.467,1.734,0.317,1.999,,3.4650,1.7335,,,3.4650,1.73352,,,,,
286,57,3.475,1.738,0.319,1.999,,3.4760,1.7385,,,3.4760,1.73852,,,,,
287,57.2,3.484,1.742,0.315,2,,3.4840,1.7425,,,3.4840,1.74252,,,,,
288,57.4,3.492,1.747,0.315,1.999,,3.4930,1.7465,,,3.4930,1.74652,,,,,
289,57.6,3.502,1.751,0.317,2,,3.5010,1.7515,,,3.5010,1.75152,,,,,
290,57.8,3.511,1.756,0.322,1.999,,3.5110,1.7555,,,3.5110,1.75552,,,,,
291,58,3.518,1.76,0.319,1.999,,3.5200,1.7605,,,3.5200,1.76052,,,,,
292,58.2,3.527,1.764,0.322,1.999,,3.5270,1.7645,,,3.5270,1.76452,,,,,
293,58.4,3.536,1.768,0.322,2,,3.5360,1.7685,,,3.5360,1.76852,,,,,
294,58.6,3.547,1.774,0.324,1.999,,3.5450,1.7725,,,3.5450,1.77252,,,,,
295,58.8,3.555,1.778,0.325,1.999,,3.5560,1.7785,,,3.5560,1.77852,,,,,
296,59,3.565,1.783,0.322,1.999,,3.5640,1.7825,,,3.5640,1.78252,,,,,
297,59.2,3.572,1.787,0.321,1.999,,3.5740,1.7875,,,3.5740,1.78752,,,,,
298,59.4,3.579,1.791,0.324,1.998,,3.5810,1.7915,,,3.5810,1.79152,,,,,
299,59.6,3.588,1.795,0.327,1.999,,3.5880,1.7955,,,3.5880,1.79552,,,,,
300,59.8,3.599,1.801,0.324,1.998,,3.5970,1.7995,,,3.5970,1.79952,,,,,
301,60,3.609,1.806,0.329,1.998,,3.6080,1.8055,,,3.6080,1.80552,,,,,
302,60.2,3.618,1.81,0.327,1.999,,3.6180,1.8105,,,3.6180,1.81052,,,,,
303,60.4,3.629,1.815,0.326,1.999,,3.6270,1.8145,,,3.6270,1.81452,,,,,
304,60.6,3.637,1.82,0.327,1.998,,3.6380,1.8195,,,3.6380,1.81952,,,,,
305,60.8,3.646,1.824,0.327,1.999,,3.6460,1.8245,,,3.6460,1.82452,,,,,
306,61,3.654,1.828,0.328,1.999,,3.6550,1.8285,,,3.6550,1.82852,,,,,
307,61.2,3.662,1.832,0.331,1.999,,3.6630,1.8325,,,3.6630,1.83252,,,,,
308,61.4,3.675,1.838,0.333,1.999,,3.6710,1.8365,,,3.6710,1.83652,,,,,
309,61.6,3.682,1.842,0.333,1.999,,3.6840,1.8425,,,3.6840,1.84252,,,,,
310,61.8,3.691,1.847,0.336,1.998,,3.6910,1.8465,,,3.6910,1.84652,,,,,
311,62,3.699,1.85,0.333,1.999,,3.7000,1.8515,,,3.7000,1.85152,,,,,
312,62.2,3.708,1.856,0.333,1.998,,3.7080,1.8545,,,3.7080,1.85452,,,,,
313,62.4,3.716,1.86,0.339,1.998,,3.7170,1.8605,,,3.7170,1.86052,,,,,
314,62.6,3.728,1.866,0.335,1.998,,3.7250,1.8645,,,3.7250,1.86452,,,,,
315,62.8,3.736,1.87,0.333,1.998,,3.7370,1.8705,,,3.7370,1.87052,,,,,
316,63,3.745,1.874,0.337,1.998,,3.7450,1.8745,,,3.7450,1.87452,,,,,
317,63.2,3.752,1.878,0.34,1.998,,3.7540,1.8785,,,3.7540,1.87852,,,,,
318,63.4,3.76,1.882,0.336,1.998,,3.7610,1.8825,,,3.7610,1.88252,,,,,
319,63.6,3.77,1.887,0.342,1.998,,3.7690,1.8865,,,3.7690,1.88652,,,,,
320,63.8,3.777,1.89,0.34,1.998,,3.7790,1.8915,,,3.7790,1.89152,,,,,
321,64,3.788,1.896,0.34,1.998,,3.7860,1.8945,,,3.7860,1.89452,,,,,
322,64.2,3.797,1.9,0.343,1.998,,3.7970,1.9005,,,3.7970,1.90052,,,,,
323,64.4,3.807,1.905,0.34,1.998,,3.8060,1.9045,,,3.8060,1.90452,,,,,
324,64.6,3.815,1.909,0.337,1.998,,3.8160,1.9095,,,3.8160,1.90952,,,,,
325,64.8,3.821,1.913,0.343,1.997,,3.8240,1.9135,,,3.8240,1.91352,,,,,
326,65,3.832,1.918,0.346,1.998,,3.8300,1.9175,,,3.8300,1.91752,,,,,
327,65.2,3.84,1.922,0.343,1.998,,3.8410,1.9225,,,3.8410,1.92252,,,,,
328,65.4,3.849,1.926,0.352,1.998,,3.8490,1.9265,,,3.8490,1.92652,,,,,
329,65.6,3.857,1.93,0.348,1.998,,3.8580,1.9305,,,3.8580,1.93052,,,,,
330,65.8,3.866,1.935,0.347,1.998,,3.8660,1.9345,,,3.8660,1.93452,,,,,
331,66,3.874,1.939,0.352,1.998,,3.8750,1.9395,,,3.8750,1.93952,,,,,
332,66.2,3.884,1.944,0.348,1.998,,3.8830,1.9435,,,3.8830,1.94352,,,,,
333,66.4,3.893,1.949,0.346,1.997,,3.8930,1.9485,,,3.8930,1.94852,,,,,
334,66.6,3.902,1.953,0.353,1.998,,3.9020,1.9535,,,3.9020,1.95352,,,,,
335,66.8,3.911,1.957,0.355,1.998,,3.9110,1.9575,,,3.9110,1.95752,,,,,
336,67,3.919,1.962,0.355,1.997,,3.9200,1.9615,,,3.9200,1.96152,,,,,
337,67.2,3.928,1.966,0.357,1.998,,3.9280,1.9665,,,3.9280,1.96652,,,,,
338,67.4,3.936,1.97,0.354,1.998,,3.9370,1.9705,,,3.9370,1.97052,,,,,
339,67.6,3.946,1.975,0.356,1.998,,3.9450,1.9745,,,3.9450,1.97452,,,,,
340,67.8,3.955,1.98,0.355,1.997,,3.9550,1.9795,,,3.9550,1.97952,,,,,
341,68,3.967,1.986,0.355,1.997,,3.9640,1.9845,,,3.9640,1.98452,,,,,
342,68.2,3.976,1.99,0.354,1.998,,3.9760,1.9905,,,3.9760,1.99052,,,,,
343,68.4,3.983,1.994,0.354,1.997,,3.9850,1.9945,,,3.9850,1.99452,,,,,
344,68.6,3.992,1.998,0.359,1.998,,3.9920,1.9985,,,3.9920,1.99852,,,,,
345,68.8,3.992,2.002,0.356,1.994,,4.0010,2.0025,,,4.0010,2.00252,,,,,
346,69,3.994,2.004,0.365,1.993,,4.0010,2.0065,,,4.0010,2.00652,,,,,
347,69.2,3.994,2.004,0.361,1.993,,4.0030,2.0085,,,4.0030,2.00852,,,,,
348,69.4,3.993,2.003,0.361,1.994,,4.0030,2.0085,,,4.0030,2.00852,,,,,
349,69.6,3.992,2.002,0.409,1.994,,4.0020,2.0075,,,4.0020,2.00752,,,,,
350,69.8,3.994,2.003,0.459,1.994,,4.0010,2.0065,,,4.0010,2.00652,,,,,
351,70,3.994,2.003,0.494,1.994,,4.0030,2.0075,,,4.0030,2.00752,,,,,
352,70.2,3.993,2.003,0.536,1.994,,4.0030,2.0075,,,4.0030,2.00752,,,,,
353,70.4,3.993,2.003,0.578,1.994,,4.0020,2.0075,,,4.0020,2.00752,,,,,
354,70.6,3.994,2.003,0.61,1.994,,4.0020,2.0075,,,4.0020,2.00752,,,,,
355,70.8,3.992,2.002,0.648,1.994,,4.0030,2.0075,,,4.0030,2.00752,,,,,
356,71,3.992,2.002,0.677,1.994,,4.0010,2.0065,,,4.0010,2.00652,,,,,
357,71.2,3.994,2.003,0.708,1.994,,,,,,,,,,,,
358,71.4,3.994,2.003,0.733,1.994,,,,,,,,,,,,
359,71.4,3.993,2.003,0.59,1.994,,,,,,,,,,,,
360,71.2,3.992,2.003,0.546,1.993,,,,,,,,,,,,
361,71,3.993,2.003,0.486,1.994,,,,,,,,,,,,
362,70.8,3.994,2.003,0.451,1.994,,,,,,,,,,,,
363,70.6,3.993,2.003,0.409,1.994,,,,,,,,,,,,
364,70.4,3.992,2.002,0.381,1.994,,,,,,,,,,,,
365,70.2,3.993,2.003,0.363,1.994,,,,,,,,,,,,
366,70,3.993,2.003,0.324,1.994,,,,,,,,,,,,
367,69.8,3.993,2.003,0.291,1.994,,,,,,,,,,,,
368,69.6,3.992,2.003,0.253,1.993,,,,,,,,,,,,
369,69.4,3.993,2.003,0.218,1.994,,,,,,,,,,,,
370,69.2,3.993,2.003,0.177,1.994,,,,,,,,,,,,
371,69,3.993,2.003,0.163,1.994,,,,,,,,,,,,
372,68.8,3.993,2.003,0.182,1.994,,,,,,,,,,,,
373,68.6,3.992,2.002,0.171,1.994,,,,,,,,,,,,
374,68.4,3.994,2.001,0.17,1.996,,,,,,,,,,,,
375,68.2,3.988,1.996,0.167,1.998,,,,,,,,,,,,
376,68,3.978,1.992,0.166,1.997,,,,,,,,,,,,
377,67.8,3.968,1.986,0.167,1.998,,,,,,,,,,,,
378,67.6,3.959,1.982,0.17,1.997,,,,,,,,,,,,
379,67.4,3.949,1.977,0.169,1.997,,,,,,,,,,,,
380,67.2,3.94,1.973,0.169,1.997,,,,,,,,,,,,
381,67,3.932,1.969,0.17,1.997,,,,,,,,,,,,
382,66.8,3.924,1.965,0.167,1.997,,,,,,,,,,,,
383,66.6,3.915,1.961,0.165,1.996,,,,,,,,,,,,
384,66.4,3.904,1.954,0.16,1.998,,,,,,,,,,,,
385,66.2,3.895,1.95,0.163,1.997,,,,,,,,,,,,
386,66,3.886,1.946,0.162,1.997,,,,,,,,,,,,
387,65.8,3.878,1.942,0.163,1.997,,,,,,,,,,,,
388,65.6,3.869,1.937,0.165,1.997,,,,,,,,,,,,
389,65.4,3.861,1.933,0.165,1.997,,,,,,,,,,,,
390,65.2,3.853,1.929,0.164,1.997,,,,,,,,,,,,
391,65,3.842,1.924,0.165,1.997,,,,,,,,,,,,
392,64.8,3.833,1.919,0.161,1.997,,,,,,,,,,,,
393,64.6,3.826,1.915,0.159,1.998,,,,,,,,,,,,
394,64.4,3.819,1.912,0.161,1.997,,,,,,,,,,,,
395,64.2,3.808,1.907,0.156,1.997,,,,,,,,,,,,
396,64,3.8,1.903,0.161,1.997,,,,,,,,,,,,
397,63.8,3.79,1.897,0.161,1.998,,,,,,,,,,,,
398,63.6,3.782,1.893,0.159,1.998,,,,,,,,,,,,
399,63.4,3.774,1.889,0.164,1.998,,,,,,,,,,,,
400,63.2,3.764,1.884,0.16,1.998,,,,,,,,,,,,
401,63,3.757,1.88,0.158,1.998,,,,,,,,,,,,
402,62.8,3.747,1.876,0.153,1.997,,,,,,,,,,,,
403,62.6,3.74,1.872,0.157,1.998,,,,,,,,,,,,
404,62.4,3.73,1.867,0.154,1.998,,,,,,,,,,,,
405,62.2,3.722,1.863,0.156,1.998,,,,,,,,,,,,
406,62,3.71,1.857,0.158,1.998,,,,,,,,,,,,
407,61.8,3.702,1.853,0.154,1.998,,,,,,,,,,,,
408,61.6,3.695,1.849,0.156,1.998,,,,,,,,,,,,
409,61.4,3.686,1.845,0.157,1.998,,,,,,,,,,,,
410,61.2,3.677,1.84,0.151,1.998,,,,,,,,,,,,
411,61,3.666,1.835,0.152,1.998,,,,,,,,,,,,
412,60.8,3.659,1.831,0.15,1.998,,,,,,,,,,,,
413,60.6,3.649,1.826,0.149,1.998,,,,,,,,,,,,
414,60.4,3.641,1.822,0.152,1.998,,,,,,,,,,,,
415,60.2,3.631,1.817,0.149,1.998,,,,,,,,,,,,
416,60,3.623,1.813,0.149,1.998,,,,,,,,,,,,
417,59.8,3.615,1.809,0.154,1.998,,,,,,,,,,,,
418,59.6,3.602,1.803,0.15,1.998,,,,,,,,,,,,
419,59.4,3.594,1.799,0.149,1.998,,,,,,,,,,,,
420,59.2,3.584,1.793,0.146,1.999,,,,,,,,,,,,
421,59,3.576,1.789,0.146,1.999,,,,,,,,,,,,
422,58.8,3.567,1.785,0.146,1.998,,,,,,,,,,,,
423,58.6,3.559,1.781,0.148,1.998,,,,,,,,,,,,
424,58.4,3.55,1.776,0.146,1.999,,,,,,,,,,,,
425,58.2,3.541,1.771,0.147,1.999,,,,,,,,,,,,
426,58,3.534,1.768,0.149,1.999,,,,,,,,,,,,
427,57.8,3.523,1.762,0.145,1.999,,,,,,,,,,,,
428,57.6,3.516,1.759,0.145,1.999,,,,,,,,,,,,
429,57.4,3.505,1.754,0.141,1.998,,,,,,,,,,,,
430,57.2,3.497,1.75,0.145,1.998,,,,,,,,,,,,
431,57,3.487,1.744,0.139,1.999,,,,,,,,,,,,
432,56.8,3.478,1.74,0.141,1.999,,,,,,,,,,,,
433,56.6,3.469,1.735,0.144,1.999,,,,,,,,,,,,
434,56.4,3.461,1.731,0.141,1.999,,,,,,,,,,,,
435,56.2,3.452,1.727,0.144,1.999,,,,,,,,,,,,
436,56,3.443,1.722,0.142,1.999,,,,,,,,,,,,
437,55.8,3.435,1.718,0.139,1.999,,,,,,,,,,,,
438,55.6,3.423,1.713,0.138,1.998,,,,,,,,,,,,
439,55.4,3.414,1.708,0.138,1.999,,,,,,,,,,,,
440,55.2,3.405,1.703,0.135,1.999,,,,,,,,,,,,
441,55,3.396,1.699,0.139,1.999,,,,,,,,,,,,
442,54.8,3.386,1.694,0.139,1.999,,,,,,,,,,,,
443,54.6,3.378,1.69,0.135,1.999,,,,,,,,,,,,
444,54.4,3.369,1.686,0.141,1.998,,,,,,,,,,,,
445,54.2,3.357,1.68,0.141,1.998,,,,,,,,,,,,
446,54,3.347,1.675,0.134,1.998,,,,,,,,,,,,
447,53.8,3.339,1.671,0.137,1.998,,,,,,,,,,,,
448,53.6,3.331,1.666,0.136,1.999,,,,,,,,,,,,
449,53.4,3.321,1.661,0.133,1.999,,,,,,,,,,,,
450,53.2,3.313,1.657,0.139,1.999,,,,,,,,,,,,
451,53,3.302,1.651,0.136,2,,,,,,,,,,,,
452,52.8,3.295,1.648,0.135,1.999,,,,,,,,,,,,
453,52.6,3.287,1.644,0.14,1.999,,,,,,,,,,,,
454,52.4,3.276,1.639,0.137,1.999,,,,,,,,,,,,
455,52.2,3.269,1.635,0.136,1.999,,,,,,,,,,,,
456,52,3.259,1.63,0.133,1.999,,,,,,,,,,,,
457,51.8,3.25,1.626,0.133,1.999,,,,,,,,,,,,
458,51.6,3.24,1.621,0.134,1.999,,,,,,,,,,,,
459,51.4,3.233,1.617,0.135,1.999,,,,,,,,,,,,
460,51.2,3.221,1.612,0.136,1.998,,,,,,,,,,,,
461,51,3.213,1.607,0.137,1.999,,,,,,,,,,,,
462,50.8,3.205,1.603,0.136,1.999,,,,,,,,,,,,
463,50.6,3.197,1.599,0.136,1.999,,,,,,,,,,,,
464,50.4,3.188,1.595,0.135,1.999,,,,,,,,,,,,
465,50.2,3.177,1.589,0.131,1.999,,,,,,,,,,,,
466,50,3.169,1.586,0.132,1.998,,,,,,,,,,,,
467,49.8,3.16,1.581,0.129,1.999,,,,,,,,,,,,
468,49.6,3.152,1.577,0.131,1.999,,,,,,,,,,,,
469,49.4,3.141,1.572,0.133,1.998,,,,,,,,,,,,
470,49.2,3.132,1.567,0.131,1.999,,,,,,,,,,,,
471,49,3.125,1.563,0.135,1.999,,,,,,,,,,,,
472,48.8,3.112,1.557,0.134,1.999,,,,,,,,,,,,
473,48.6,3.104,1.553,0.13,1.999,,,,,,,,,,,,
474,48.4,3.096,1.549,0.13,1.999,,,,,,,,,,,,
475,48.2,3.088,1.545,0.129,1.999,,,,,,,,,,,,
476,48,3.079,1.541,0.129,1.998,,,,,,,,,,,,
477,47.8,3.071,1.537,0.134,1.998,,,,,,,,,,,,
478,47.6,3.061,1.532,0.132,1.998,,,,,,,,,,,,
479,47.4,3.053,1.528,0.129,1.998,,,,,,,,,,,,
480,47.2,3.045,1.524,0.135,1.998,,,,,,,,,,,,
481,47,3.034,1.518,0.131,1.999,,,,,,,,,,,,
482,46.8,3.027,1.515,0.128,1.998,,,,,,,,,,,,
483,46.6,3.017,1.51,0.126,1.998,,,,,,,,,,,,
484,46.4,3.008,1.505,0.126,1.999,,,,,,,,,,,,
485,46.2,2.998,1.5,0.124,1.999,,,,,,,,,,,,
486,46,2.989,1.496,0.127,1.998,,,,,,,,,,,,
487,45.8,2.98,1.491,0.127,1.999,,,,,,,,,,,,
488,45.6,2.97,1.486,0.127,1.999,,,,,,,,,,,,
489,45.4,2.962,1.482,0.129,1.999,,,,,,,,,,,,
490,45.2,2.953,1.478,0.126,1.998,,,,,,,,,,,,
491,45,2.943,1.473,0.125,1.998,,,,,,,,,,,,
492,44.8,2.932,1.467,0.122,1.999,,,,,,,,,,,,
493,44.6,2.923,1.463,0.123,1.998,,,,,,,,,,,,
494,44.4,2.913,1.458,0.121,1.998,,,,,,,,,,,,
495,44.2,2.905,1.454,0.123,1.998,,,,,,,,,,,,
496,44,2.896,1.449,0.125,1.999,,,,,,,,,,,,
497,43.8,2.887,1.445,0.124,1.998,,,,,,,,,,,,
498,43.6,2.879,1.441,0.125,1.998,,,,,,,,,,,,
499,43.4,2.868,1.436,0.124,1.997,,,,,,,,,,,,
500,43.2,2.86,1.431,0.121,1.999,,,,,,,,,,,,
501,43,2.85,1.427,0.119,1.997,,,,,,,,,,,,
502,42.8,2.843,1.423,0.121,1.998,,,,,,,,,,,,
503,42.6,2.831,1.417,0.117,1.998,,,,,,,,,,,,
504,42.4,2.824,1.414,0.119,1.997,,,,,,,,,,,,
505,42.2,2.813,1.408,0.121,1.998,,,,,,,,,,,,
506,42,2.804,1.403,0.118,1.999,,,,,,,,,,,,
507,41.8,2.795,1.399,0.12,1.998,,,,,,,,,,,,
508,41.6,2.786,1.395,0.12,1.997,,,,,,,,,,,,
509,41.4,2.778,1.391,0.117,1.997,,,,,,,,,,,,
510,41.2,2.767,1.385,0.115,1.998,,,,,,,,,,,,
511,41,2.758,1.381,0.12,1.997,,,,,,,,,,,,
512,40.8,2.747,1.375,0.115,1.998,,,,,,,,,,,,
513,40.6,2.74,1.372,0.118,1.997,,,,,,,,,,,,
514,40.4,2.729,1.367,0.119,1.996,,,,,,,,,,,,
515,40.2,2.721,1.362,0.114,1.998,,,,,,,,,,,,
516,40,2.713,1.358,0.119,1.998,,,,,,,,,,,,
517,39.8,2.703,1.353,0.116,1.998,,,,,,,,,,,,
518,39.6,2.695,1.35,0.112,1.996,,,,,,,,,,,,
519,39.4,2.685,1.344,0.11,1.998,,,,,,,,,,,,
520,39.2,2.677,1.34,0.111,1.998,,,,,,,,,,,,
521,39,2.668,1.335,0.11,1.999,,,,,,,,,,,,
522,38.8,2.66,1.331,0.112,1.998,,,,,,,,,,,,
523,38.6,2.649,1.326,0.113,1.998,,,,,,,,,,,,
524,38.4,2.641,1.322,0.113,1.998,,,,,,,,,,,,
525,38.2,2.632,1.318,0.112,1.997,,,,,,,,,,,,
526,38,2.621,1.312,0.112,1.998,,,,,,,,,,,,
527,37.8,2.613,1.308,0.111,1.998,,,,,,,,,,,,
528,37.6,2.605,1.304,0.106,1.998,,,,,,,,,,,,
529,37.4,2.596,1.3,0.109,1.997,,,,,,,,,,,,
530,37.2,2.585,1.295,0.106,1.996,,,,,,,,,,,,
531,37,2.578,1.291,0.108,1.997,,,,,,,,,,,,
532,36.8,2.566,1.285,0.108,1.997,,,,,,,,,,,,
533,36.6,2.558,1.281,0.107,1.997,,,,,,,,,,,,
534,36.4,2.549,1.277,0.111,1.996,,,,,,,,,,,,
535,36.2,2.54,1.272,0.108,1.997,,,,,,,,,,,,
536,36,2.531,1.267,0.105,1.998,,,,,,,,,,,,
537,35.8,2.52,1.262,0.102,1.997,,,,,,,,,,,,
538,35.6,2.512,1.258,0.104,1.997,,,,,,,,,,,,
539,35.4,2.502,1.253,0.1,1.997,,,,,,,,,,,,
540,35.2,2.493,1.248,0.103,1.998,,,,,,,,,,,,
541,35,2.482,1.243,0.105,1.997,,,,,,,,,,,,
542,34.8,2.474,1.239,0.102,1.997,,,,,,,,,,,,
543,34.6,2.466,1.235,0.106,1.997,,,,,,,,,,,,
544,34.4,2.455,1.23,0.105,1.996,,,,,,,,,,,,
545,34.2,2.446,1.225,0.099,1.997,,,,,,,,,,,,
546,34,2.437,1.22,0.099,1.998,,,,,,,,,,,,
547,33.8,2.428,1.216,0.101,1.997,,,,,,,,,,,,
548,33.6,2.419,1.211,0.097,1.998,,,,,,,,,,,,
549,33.4,2.411,1.207,0.101,1.998,,,,,,,,,,,,
550,33.2,2.4,1.202,0.1,1.997,,,,,,,,,,,,
551,33,2.393,1.198,0.097,1.997,,,,,,,,,,,,
552,32.8,2.384,1.193,0.104,1.998,,,,,,,,,,,,
553,32.6,2.373,1.188,0.099,1.997,,,,,,,,,,,,
554,32.4,2.365,1.185,0.097,1.996,,,,,,,,,,,,
555,32.2,2.354,1.179,0.097,1.997,,,,,,,,,,,,
556,32,2.346,1.175,0.095,1.997,,,,,,,,,,,,
557,31.8,2.334,1.17,0.094,1.995,,,,,,,,,,,,
558,31.6,2.326,1.166,0.095,1.995,,,,,,,,,,,,
559,31.4,2.315,1.16,0.096,1.996,,,,,,,,,,,,
560,31.2,2.307,1.156,0.095,1.996,,,,,,,,,,,,
561,31,2.299,1.152,0.097,1.996,,,,,,,,,,,,
562,30.8,2.29,1.147,0.096,1.997,,,,,,,,,,,,
563,30.6,2.281,1.143,0.094,1.996,,,,,,,,,,,,
564,30.4,2.27,1.137,0.09,1.996,,,,,,,,,,,,
565,30.2,2.263,1.133,0.093,1.997,,,,,,,,,,,,
566,30,2.253,1.128,0.09,1.997,,,,,,,,,,,,
567,29.8,2.245,1.124,0.093,1.997,,,,,,,,,,,,
568,29.6,2.235,1.12,0.095,1.996,,,,,,,,,,,,
569,29.4,2.228,1.116,0.093,1.996,,,,,,,,,,,,
570,29.2,2.22,1.111,0.094,1.998,,,,,,,,,,,,
571,29,2.21,1.106,0.094,1.998,,,,,,,,,,,,
572,28.8,2.202,1.102,0.089,1.998,,,,,,,,,,,,
573,28.6,2.194,1.098,0.089,1.998,,,,,,,,,,,,
574,28.4,2.187,1.094,0.089,1.999,,,,,,,,,,,,
575,28.2,2.176,1.089,0.085,1.998,,,,,,,,,,,,
576,28,2.169,1.085,0.09,1.999,,,,,,,,,,,,
577,27.8,2.158,1.08,0.091,1.998,,,,,,,,,,,,
578,27.6,2.149,1.076,0.087,1.997,,,,,,,,,,,,
579,27.4,2.141,1.072,0.092,1.997,,,,,,,,,,,,
580,27.2,2.131,1.067,0.09,1.997,,,,,,,,,,,,
581,27,2.123,1.064,0.087,1.995,,,,,,,,,,,,
582,26.8,2.113,1.058,0.085,1.997,,,,,,,,,,,,
583,26.6,2.105,1.054,0.087,1.997,,,,,,,,,,,,
584,26.4,2.093,1.049,0.083,1.995,,,,,,,,,,,,
585,26.2,2.086,1.045,0.088,1.996,,,,,,,,,,,,
586,26,2.075,1.039,0.088,1.997,,,,,,,,,,,,
587,25.8,2.066,1.035,0.084,1.996,,,,,,,,,,,,
588,25.6,2.058,1.031,0.09,1.996,,,,,,,,,,,,
589,25.4,2.049,1.026,0.086,1.997,,,,,,,,,,,,
590,25.2,2.041,1.022,0.084,1.997,,,,,,,,,,,,
591,25,2.029,1.017,0.082,1.995,,,,,,,,,,,,
592,24.8,2.021,1.012,0.082,1.997,,,,,,,,,,,,
593,24.6,2.013,1.008,0.079,1.997,,,,,,,,,,,,
594,24.4,2.004,1.004,0.081,1.996,,,,,,,,,,,,
595,24.2,1.994,0.999,0.082,1.996,,,,,,,,,,,,
596,24,1.986,0.995,0.084,1.996,,,,,,,,,,,,
597,23.8,1.977,0.99,0.085,1.997,,,,,,,,,,,,
598,23.6,1.966,0.985,0.084,1.996,,,,,,,,,,,,
599,23.4,1.959,0.981,0.083,1.997,,,,,,,,,,,,
600,23.2,1.95,0.977,0.078,1.996,,,,,,,,,,,,
601,23,1.941,0.972,0.081,1.997,,,,,,,,,,,,
602,22.8,1.932,0.967,0.076,1.998,,,,,,,,,,,,
603,22.6,1.924,0.963,0.081,1.998,,,,,,,,,,,,
604,22.4,1.911,0.958,0.08,1.995,,,,,,,,,,,,
605,22.2,1.903,0.954,0.078,1.995,,,,,,,,,,,,
606,22,1.894,0.95,0.081,1.994,,,,,,,,,,,,
607,21.8,1.883,0.945,0.079,1.993,,,,,,,,,,,,
608,21.6,1.875,0.94,0.077,1.995,,,,,,,,,,,,
609,21.4,1.863,0.935,0.075,1.993,,,,,,,,,,,,
610,21.2,1.855,0.93,0.075,1.995,,,,,,,,,,,,
611,21,1.845,0.925,0.073,1.995,,,,,,,,,,,,
612,20.8,1.837,0.921,0.076,1.995,,,,,,,,,,,,
613,20.6,1.827,0.916,0.074,1.995,,,,,,,,,,,,
614,20.4,1.819,0.912,0.074,1.995,,,,,,,,,,,,
615,20.2,1.81,0.907,0.078,1.996,,,,,,,,,,,,
616,20,1.8,0.902,0.073,1.996,,,,,,,,,,,,
617,19.8,1.791,0.899,0.073,1.992,,,,,,,,,,,,
618,19.6,1.781,0.893,0.071,1.994,,,,,,,,,,,,
619,19.4,1.773,0.889,0.072,1.994,,,,,,,,,,,,
620,19.2,1.764,0.884,0.07,1.995,,,,,,,,,,,,
621,19,1.755,0.88,0.073,1.994,,,,,,,,,,,,
622,18.8,1.746,0.875,0.075,1.995,,,,,,,,,,,,
623,18.6,1.737,0.871,0.072,1.994,,,,,,,,,,,,
624,18.4,1.73,0.867,0.077,1.995,,,,,,,,,,,,
625,18.2,1.719,0.861,0.074,1.997,,,,,,,,,,,,
626,18,1.712,0.858,0.07,1.995,,,,,,,,,,,,
627,17.8,1.702,0.853,0.069,1.995,,,,,,,,,,,,
628,17.6,1.694,0.849,0.07,1.995,,,,,,,,,,,,
629,17.4,1.685,0.844,0.066,1.996,,,,,,,,,,,,
630,17.2,1.677,0.84,0.07,1.996,,,,,,,,,,,,
631,17,1.667,0.834,0.072,1.999,,,,,,,,,,,,
632,16.8,1.659,0.831,0.07,1.996,,,,,,,,,,,,
633,16.6,1.651,0.827,0.074,1.996,,,,,,,,,,,,
634,16.4,1.642,0.822,0.069,1.998,,,,,,,,,,,,
635,16.2,1.635,0.819,0.067,1.996,,,,,,,,,,,,
636,16,1.624,0.813,0.067,1.998,,,,,,,,,,,,
637,15.8,1.616,0.809,0.067,1.998,,,,,,,,,,,,
638,15.6,1.606,0.805,0.064,1.995,,,,,,,,,,,,
639,15.4,1.597,0.8,0.069,1.996,,,,,,,,,,,,
640,15.2,1.589,0.796,0.065,1.996,,,,,,,,,,,,
641,15,1.581,0.792,0.064,1.996,,,,,,,,,,,,
642,14.8,1.573,0.788,0.069,1.996,,,,,,,,,,,,
643,14.6,1.562,0.782,0.064,1.997,,,,,,,,,,,,
644,14.4,1.554,0.778,0.063,1.997,,,,,,,,,,,,
645,14.2,1.546,0.774,0.061,1.997,,,,,,,,,,,,
646,14,1.537,0.77,0.061,1.996,,,,,,,,,,,,
647,13.8,1.527,0.764,0.059,1.999,,,,,,,,,,,,
648,13.6,1.52,0.761,0.063,1.997,,,,,,,,,,,,
649,13.4,1.509,0.755,0.063,1.999,,,,,,,,,,,,
650,13.2,1.5,0.751,0.06,1.997,,,,,,,,,,,,
651,13,1.493,0.747,0.065,1.999,,,,,,,,,,,,
652,12.8,1.482,0.742,0.063,1.997,,,,,,,,,,,,
653,12.6,1.474,0.738,0.058,1.997,,,,,,,,,,,,
654,12.4,1.463,0.733,0.058,1.996,,,,,,,,,,,,
655,12.2,1.455,0.729,0.06,1.996,,,,,,,,,,,,
656,12,1.444,0.723,0.056,1.997,,,,,,,,,,,,
657,11.8,1.437,0.72,0.061,1.996,,,,,,,,,,,,
658,11.6,1.425,0.714,0.062,1.996,,,,,,,,,,,,
659,11.4,1.417,0.71,0.058,1.996,,,,,,,,,,,,
660,11.2,1.407,0.705,0.063,1.996,,,,,,,,,,,,
661,11,1.398,0.7,0.062,1.997,,,,,,,,,,,,
662,10.8,1.389,0.696,0.058,1.996,,,,,,,,,,,,
663,10.6,1.378,0.69,0.059,1.997,,,,,,,,,,,,
664,10.4,1.37,0.686,0.057,1.997,,,,,,,,,,,,
665,10.2,1.361,0.681,0.056,1.999,,,,,,,,,,,,
666,10,1.354,0.677,0.06,2,,,,,,,,,,,,
667,9.8,1.343,0.673,0.059,1.996,,,,,,,,,,,,
668,9.6,1.336,0.669,0.058,1.997,,,,,,,,,,,,
669,9.4,1.328,0.664,0.062,2,,,,,,,,,,,,
670,9.2,1.317,0.659,0.059,1.998,,,,,,,,,,,,
671,9,1.309,0.656,0.057,1.995,,,,,,,,,,,,
672,8.8,1.3,0.65,0.055,2,,,,,,,,,,,,
673,8.6,1.291,0.646,0.055,1.998,,,,,,,,,,,,
674,8.4,1.282,0.641,0.051,2,,,,,,,,,,,,
675,8.2,1.274,0.637,0.056,2,,,,,,,,,,,,
676,8,1.263,0.632,0.055,1.998,,,,,,,,,,,,
677,7.8,1.255,0.628,0.053,1.998,,,,,,,,,,,,
678,7.6,1.246,0.623,0.057,2,,,,,,,,,,,,
679,7.4,1.236,0.618,0.053,2,,,,,,,,,,,,
680,7.2,1.228,0.614,0.052,2,,,,,,,,,,,,
681,7,1.217,0.609,0.051,1.998,,,,,,,,,,,,
682,6.8,1.209,0.604,0.052,2.002,,,,,,,,,,,,
683,6.6,1.198,0.599,0.05,2,,,,,,,,,,,,
684,6.4,1.19,0.595,0.052,2,,,,,,,,,,,,
685,6.2,1.18,0.59,0.051,2,,,,,,,,,,,,
686,6,1.171,0.586,0.051,1.998,,,,,,,,,,,,
687,5.8,1.162,0.581,0.053,2,,,,,,,,,,,,
688,5.6,1.152,0.576,0.05,2,,,,,,,,,,,,
689,5.4,1.144,0.572,0.048,2,,,,,,,,,,,,
690,5.2,1.133,0.567,0.043,1.998,,,,,,,,,,,,
691,5,1.124,0.562,0.046,2,,,,,,,,,,,,
692,4.8,1.115,0.558,0.043,1.998,,,,,,,,,,,,
693,4.6,1.108,0.554,0.044,2,,,,,,,,,,,,
694,4.4,1.097,0.549,0.049,1.998,,,,,,,,,,,,
695,4.2,1.089,0.544,0.045,2.002,,,,,,,,,,,,
696,4,1.081,0.54,0.047,2.002,,,,,,,,,,,,
697,3.8,1.071,0.535,0.047,2.002,,,,,,,,,,,,
698,3.6,1.062,0.531,0.04,2,,,,,,,,,,,,
699,3.4,1.053,0.527,0.043,1.998,,,,,,,,,,,,
700,3.2,1.045,0.523,0.041,1.998,,,,,,,,,,,,
701,3,1.035,0.517,0.039,2.002,,,,,,,,,,,,
702,2.8,1.027,0.514,0.044,1.998,,,,,,,,,,,,
703,2.6,1.016,0.508,0.041,2,,,,,,,,,,,,
704,2.4,1.007,0.504,0.039,1.998,,,,,,,,,,,,
705,2.2,0.999,0.5,0.044,1.998,,,,,,,,,,,,
706,2,0.989,0.495,0.042,1.998,,,,,,,,,,,,
707,1.8,0.98,0.491,0.04,1.996,,,,,,,,,,,,
708,1.6,0.97,0.485,0.038,2,,,,,,,,,,,,
709,1.4,0.961,0.481,0.039,1.998,,,,,,,,,,,,
710,1.2,0.95,0.475,0.035,2,,,,,,,,,,,,
711,1,0.942,0.471,0.039,2,,,,,,,,,,,,
712,0.8,0.932,0.465,0.039,2.004,,,,,,,,,,,,
713,0.6,0.932,0.465,0.033,2.004,,,,,,,,,,,,
714,0.4,0.932,0.465,0,2.004,,,,,,,,,,,,
715,0.2,0.932,0.465,0.034,2.004,,,,,,,,,,,,
716,0,0.932,0.465,0.076,2.004,,,,,,,,,,,,
717,0,0,0,0,0,,,,,,,,,,,,
718,0,0,0,0,0,,,,,,,,,,,,
719,0,0,0,0,0,,,,,,,,,,,,
720,0,0,0,0,0,,,,,,,,,,,,
721,0,0,0,0,0,,,,,,,,,,,,
722,0,0,0,0,0,,,,,,,,,,,,
723,0,0,0,0,0,,,,,,,,,,,,
724,0,0,0,0,0,,,,,,,,,,,,
725,0,0,0,0,0,,,,,,,,,,,,
726,0,0,0,0,0,,,,,,,,,,,,
727,0,0,0,0,0,,,,,,,,,,,,
728,0,0,0,0,0,,,,,,,,,,,,
729,0,0,0,0,0,,,,,,,,,,,,
730,0,0,0,0,0,,,,,,,,,,,,
731,0,0,0,0,0,,,,,,,,,,,,
732,0,0,0,0,0,,,,,,,,,,,,
733,0,0,0,0,0,,,,,,,,,,,,
734,0,0,0,0,0,,,,,,,,,,,,
735,0,0,0,0,0,,,,,,,,,,,,
736,0,0,0,0,0,,,,,,,,,,,,
737,0,0,0,0,0,,,,,,,,,,,,
738,0,0,0,0,0,,,,,,,,,,,,
739,0,0,0,0,0,,,,,,,,,,,,
740,0,0,0,0,0,,,,,,,,,,,,
741,0,0,0,0,0,,,,,,,,,,,,
742,0,0,0,0,0,,,,,,,,,,,,
743,0,0,0,0,0,,,,,,,,,,,,
744,0,0,0,0,0,,,,,,,,,,,,
745,0,0,0,0,0,,,,,,,,,,,,
746,0,0,0,0,0,,,,,,,,,,,,
747,0,0,0,0,0,,,,,,,,,,,,
748,0,0,0,0,0,,,,,,,,,,,,
749,0,0,0,0,0,,,,,,,,,,,,
750,0,0,0,0,0,,,,,,,,,,,,
751,0,0,0,0,0,,,,,,,,,,,,
752,0,0,0,0,0,,,,,,,,,,,,
753,0,0,0,0,0,,,,,,,,,,,,
754,0,0,0,0,0,,,,,,,,,,,,
755,0,0,0,0,0,,,,,,,,,,,,
756,0,0,0,0,0,,,,,,,,,,,,
757,0,0,0,0,0,,,,,,,,,,,,
758,0,0,0,0,0,,,,,,,,,,,,
759,0,0,0,0,0,,,,,,,,,,,,
760,0,0,0,0,0,,,,,,,,,,,,
761,0,0,0,0,0,,,,,,,,,,,,
762,0,0,0,0,0,,,,,,,,,,,,
763,0,0,0,0,0,,,,,,,,,,,,
764,0,0,0,0,0,,,,,,,,,,,,
765,0,0,0,0,0,,,,,,,,,,,,
766,0,0,0,0,0,,,,,,,,,,,,
767,0,0,0,0,0,,,,,,,,,,,,
768,0,0,0,0,0,,,,,,,,,,,,
769,0,0,0,0,0,,,,,,,,,,,,
770,0,0,0,0,0,,,,,,,,,,,,
771,0,0,0,0,0,,,,,,,,,,,,
772,0,0,0,0,0,,,,,,,,,,,,
773,0,0,0,0,0,,,,,,,,,,,,
774,0,0,0,0,0,,,,,,,,,,,,
775,0,0,0,0,0,,,,,,,,,,,,
776,0,0,0,0,0,,,,,,,,,,,,
777,0,0,0,0,0,,,,,,,,,,,,
778,0,0,0,0,0,,,,,,,,,,,,
779,0,0,0,0,0,,,,,,,,,,,,
780,0,0,0,0,0,,,,,,,,,,,,
781,0,0,0,0,0,,,,,,,,,,,,
782,0,0,0,0,0,,,,,,,,,,,,
783,0,0,0,0,0,,,,,,,,,,,,
784,0,0,0,0,0,,,,,,,,,,,,
785,0,0,0,0,0,,,,,,,,,,,,
786,0,0,0,0,0,,,,,,,,,,,,
787,0,0,0,0,0,,,,,,,,,,,,
788,0,0,0,0,0,,,,,,,,,,,,
789,0,0,0,0,0,,,,,,,,,,,,
790,0,0,0,0,0,,,,,,,,,,,,
791,0,0,0,0,0,,,,,,,,,,,,
792,0,0,0,0,0,,,,,,,,,,,,
793,0,0,0,0,0,,,,,,,,,,,,
794,0,0,0,0,0,,,,,,,,,,,,
795,0,0,0,0,0,,,,,,,,,,,,
796,0,0,0,0,0,,,,,,,,,,,,
797,0,0,0,0,0,,,,,,,,,,,,
798,0,0,0,0,0,,,,,,,,,,,,
799,0,0,0,0,0,,,,,,,,,,,,
800,0,0,0,0,0,,,,,,,,,,,,
801,0,0,0,0,0,,,,,,,,,,,,
802,0,0,0,0,0,,,,,,,,,,,,
803,0,0,0,0,0,,,,,,,,,,,,
804,0,0,0,0,0,,,,,,,,,,,,
805,0,0,0,0,0,,,,,,,,,,,,
806,0,0,0,0,0,,,,,,,,,,,,
807,0,0,0,0,0,,,,,,,,,,,,
808,0,0,0,0,0,,,,,,,,,,,,
809,0,0,0,0,0,,,,,,,,,,,,
810,0,0,0,0,0,,,,,,,,,,,,
811,0,0,0,0,0,,,,,,,,,,,,
812,0,0,0,0,0,,,,,,,,,,,,
813,0,0,0,0,0,,,,,,,,,,,,
814,0,0,0,0,0,,,,,,,,,,,,
815,0,0,0,0,0,,,,,,,,,,,,
816,0,0,0,0,0,,,,,,,,,,,,
817,0,0,0,0,0,,,,,,,,,,,,
818,0,0,0,0,0,,,,,,,,,,,,
819,0,0,0,0,0,,,,,,,,,,,,
820,0,0,0,0,0,,,,,,,,,,,,
821,0,0,0,0,0,,,,,,,,,,,,
822,0,0,0,0,0,,,,,,,,,,,,
823,0,0,0,0,0,,,,,,,,,,,,
824,0,0,0,0,0,,,,,,,,,,,,
825,0,0,0,0,0,,,,,,,,,,,,
826,0,0,0,0,0,,,,,,,,,,,,
827,0,0,0,0,0,,,,,,,,,,,,
828,0,0,0,0,0,,,,,,,,,,,,
829,0,0,0,0,0,,,,,,,,,,,,
830,0,0,0,0,0,,,,,,,,,,,,
831,0,0,0,0,0,,,,,,,,,,,,
832,0,0,0,0,0,,,,,,,,,,,,
833,0,0,0,0,0,,,,,,,,,,,,
834,0,0,0,0,0,,,,,,,,,,,,
835,0,0,0,0,0,,,,,,,,,,,,
836,0,0,0,0,0,,,,,,,,,,,,
837,0,0,0,0,0,,,,,,,,,,,,
838,0,0,0,0,0,,,,,,,,,,,,
839,0,0,0,0,0,,,,,,,,,,,,
840,0,0,0,0,0,,,,,,,,,,,,
841,0,0,0,0,0,,,,,,,,,,,,
842,0,0,0,0,0,,,,,,,,,,,,
843,0,0,0,0,0,,,,,,,,,,,,
844,0,0,0,0,0,,,,,,,,,,,,
845,0,0,0,0,0,,,,,,,,,,,,
846,0,0,0,0,0,,,,,,,,,,,,
847,0,0,0,0,0,,,,,,,,,,,,
848,0,0,0,0,0,,,,,,,,,,,,
849,0,0,0,0,0,,,,,,,,,,,,
850,0,0,0,0,0,,,,,,,,,,,,
851,0,0,0,0,0,,,,,,,,,,,,
852,0,0,0,0,0,,,,,,,,,,,,
853,0,0,0,0,0,,,,,,,,,,,,
854,0,0,0,0,0,,,,,,,,,,,,
855,0,0,0,0,0,,,,,,,,,,,,
856,0,0,0,0,0,,,,,,,,,,,,
857,0,0,0,0,0,,,,,,,,,,,,
858,0,0,0,0,0,,,,,,,,,,,,
859,0,0,0,0,0,,,,,,,,,,,,
860,0,0,0,0,0,,,,,,,,,,,,
861,0,0,0,0,0,,,,,,,,,,,,
862,0,0,0,0,0,,,,,,,,,,,,
863,0,0,0,0,0,,,,,,,,,,,,
864,0,0,0,0,0,,,,,,,,,,,,
865,0,0,0,0,0,,,,,,,,,,,,
866,0,0,0,0,0,,,,,,,,,,,,
867,0,0,0,0,0,,,,,,,,,,,,
868,0,0,0,0,0,,,,,,,,,,,,
869,0,0,0,0,0,,,,,,,,,,,,
870,0,0,0,0,0,,,,,,,,,,,,
871,0,0,0,0,0,,,,,,,,,,,,
872,0,0,0,0,0,,,,,,,,,,,,
873,0,0,0,0,0,,,,,,,,,,,,
874,0,0,0,0,0,,,,,,,,,,,,
875,0,0,0,0,0,,,,,,,,,,,,
876,0,0,0,0,0,,,,,,,,,,,,
877,0,0,0,0,0,,,,,,,,,,,,
878,0,0,0,0,0,,,,,,,,,,,,
879,0,0,0,0,0,,,,,,,,,,,,
880,0,0,0,0,0,,,,,,,,,,,,
881,0,0,0,0,0,,,,,,,,,,,,
882,0,0,0,0,0,,,,,,,,,,,,
883,0,0,0,0,0,,,,,,,,,,,,
884,0,0,0,0,0,,,,,,,,,,,,
885,0,0,0,0,0,,,,,,,,,,,,
886,0,0,0,0,0,,,,,,,,,,,,
887,0,0,0,0,0,,,,,,,,,,,,
888,0,0,0,0,0,,,,,,,,,,,,
889,0,0,0,0,0,,,,,,,,,,,,
890,0,0,0,0,0,,,,,,,,,,,,
891,0,0,0,0,0,,,,,,,,,,,,
892,0,0,0,0,0,,,,,,,,,,,,
893,0,0,0,0,0,,,,,,,,,,,,
894,0,0,0,0,0,,,,,,,,,,,,
895,0,0,0,0,0,,,,,,,,,,,,
896,0,0,0,0,0,,,,,,,,,,,,
897,0,0,0,0,0,,,,,,,,,,,,
898,0,0,0,0,0,,,,,,,,,,,,
899,0,0,0,0,0,,,,,,,,,,,,
900,0,0,0,0,0,,,,,,,,,,,,
901,0,0,0,0,0,,,,,,,,,,,,
902,0,0,0,0,0,,,,,,,,,,,,
903,0,0,0,0,0,,,,,,,,,,,,
904,0,0,0,0,0,,,,,,,,,,,,
905,0,0,0,0,0,,,,,,,,,,,,
906,0,0,0,0,0,,,,,,,,,,,,
907,0,0,0,0,0,,,,,,,,,,,,
908,0,0,0,0,0,,,,,,,,,,,,
909,0,0,0,0,0,,,,,,,,,,,,
910,0,0,0,0,0,,,,,,,,,,,,
911,0,0,0,0,0,,,,,,,,,,,,
912,0,0,0,0,0,,,,,,,,,,,,
913,0,0,0,0,0,,,,,,,,,,,,
914,0,0,0,0,0,,,,,,,,,,,,
915,0,0,0,0,0,,,,,,,,,,,,
916,0,0,0,0,0,,,,,,,,,,,,
917,0,0,0,0,0,,,,,,,,,,,,
918,0,0,0,0,0,,,,,,,,,,,,
919,0,0,0,0,0,,,,,,,,,,,,
920,0,0,0,0,0,,,,,,,,,,,,
921,0,0,0,0,0,,,,,,,,,,,,
922,0,0,0,0,0,,,,,,,,,,,,
923,0,0,0,0,0,,,,,,,,,,,,
924,0,0,0,0,0,,,,,,,,,,,,
925,0,0,0,0,0,,,,,,,,,,,,
926,0,0,0,0,0,,,,,,,,,,,,
927,0,0,0,0,0,,,,,,,,,,,,
928,0,0,0,0,0,,,,,,,,,,,,
929,0,0,0,0,0,,,,,,,,,,,,
930,0,0,0,0,0,,,,,,,,,,,,
931,0,0,0,0,0,,,,,,,,,,,,
932,0,0,0,0,0,,,,,,,,,,,,
933,0,0,0,0,0,,,,,,,,,,,,
934,0,0,0,0,0,,,,,,,,,,,,
935,0,0,0,0,0,,,,,,,,,,,,
936,0,0,0,0,0,,,,,,,,,,,,
937,0,0,0,0,0,,,,,,,,,,,,
938,0,0,0,0,0,,,,,,,,,,,,
939,0,0,0,0,0,,,,,,,,,,,,
940,0,0,0,0,0,,,,,,,,,,,,
941,0,0,0,0,0,,,,,,,,,,,,
942,0,0,0,0,0,,,,,,,,,,,,
943,0,0,0,0,0,,,,,,,,,,,,
944,0,0,0,0,0,,,,,,,,,,,,
945,0,0,0,0,0,,,,,,,,,,,,
946,0,0,0,0,0,,,,,,,,,,,,
947,0,0,0,0,0,,,,,,,,,,,,
948,0,0,0,0,0,,,,,,,,,,,,
949,0,0,0,0,0,,,,,,,,,,,,
950,0,0,0,0,0,,,,,,,,,,,,
951,0,0,0,0,0,,,,,,,,,,,,
952,0,0,0,0,0,,,,,,,,,,,,
953,0,0,0,0,0,,,,,,,,,,,,
954,0,0,0,0,0,,,,,,,,,,,,
955,0,0,0,0,0,,,,,,,,,,,,
956,0,0,0,0,0,,,,,,,,,,,,
957,0,0,0,0,0,,,,,,,,,,,,
958,0,0,0,0,0,,,,,,,,,,,,
959,0,0,0,0,0,,,,,,,,,,,,
960,0,0,0,0,0,,,,,,,,,,,,
961,0,0,0,0,0,,,,,,,,,,,,
962,0,0,0,0,0,,,,,,,,,,,,
963,0,0,0,0,0,,,,,,,,,,,,
964,0,0,0,0,0,,,,,,,,,,,,
965,0,0,0,0,0,,,,,,,,,,,,
966,0,0,0,0,0,,,,,,,,,,,,
967,0,0,0,0,0,,,,,,,,,,,,
968,0,0,0,0,0,,,,,,,,,,,,
969,0,0,0,0,0,,,,,,,,,,,,
970,0,0,0,0,0,,,,,,,,,,,,
971,0,0,0,0,0,,,,,,,,,,,,
972,0,0,0,0,0,,,,,,,,,,,,
973,0,0,0,0,0,,,,,,,,,,,,
974,0,0,0,0,0,,,,,,,,,,,,
975,0,0,0,0,0,,,,,,,,,,,,
976,0,0,0,0,0,,,,,,,,,,,,
977,0,0,0,0,0,,,,,,,,,,,,
978,0,0,0,0,0,,,,,,,,,,,,
979,0,0,0,0,0,,,,,,,,,,,,
980,0,0,0,0,0,,,,,,,,,,,,
981,0,0,0,0,0,,,,,,,,,,,,
982,0,0,0,0,0,,,,,,,,,,,,
983,0,0,0,0,0,,,,,,,,,,,,
984,0,0,0,0,0,,,,,,,,,,,,
985,0,0,0,0,0,,,,,,,,,,,,
986,0,0,0,0,0,,,,,,,,,,,,
987,0,0,0,0,0,,,,,,,,,,,,
988,0,0,0,0,0,,,,,,,,,,,,
989,0,0,0,0,0,,,,,,,,,,,,
990,0,0,0,0,0,,,,,,,,,,,,
991,0,0,0,0,0,,,,,,,,,,,,
992,0,0,0,0,0,,,,,,,,,,,,
993,0,0,0,0,0,,,,,,,,,,,,
994,0,0,0,0,0,,,,,,,,,,,,
995,0,0,0,0,0,,,,,,,,,,,,
996,0,0,0,0,0,,,,,,,,,,,,
997,0,0,0,0,0,,,,,,,,,,,,
998,0,0,0,0,0,,,,,,,,,,,,
999,0,0,0,0,0,,,,,,,,,,,,
1000,0,0,0,0,0,,,,,,,,,,,,
