Sn,Degree,Volt CH-1,Volt CH-2,Torque,Sync
1,0,0.939,0.464,0,2.024
2,0.2,0.939,0.465,0.046,2.019
3,0.4,0.939,0.465,0.126,2.019
4,0.6,0.939,0.465,0.16,2.019
5,0.8,0.939,0.465,0.203,2.019
6,1,0.939,0.467,0.238,2.011
7,1.2,0.942,0.47,0.282,2.004
8,1.4,0.949,0.473,0.313,2.006
9,1.6,0.956,0.477,0.334,2.004
10,1.8,0.965,0.481,0.322,2.006
11,2,0.975,0.486,0.341,2.006
12,2.2,0.982,0.49,0.344,2.004
13,2.4,0.993,0.496,0.336,2.002
14,2.6,1.002,0.5,0.346,2.004
15,2.8,1.012,0.505,0.342,2.004
16,3,1.022,0.51,0.333,2.004
17,3.2,1.032,0.515,0.342,2.004
18,3.4,1.041,0.52,0.34,2.002
19,3.6,1.049,0.523,0.336,2.006
20,3.8,1.059,0.528,0.349,2.006
21,4,1.067,0.533,0.346,2.002
22,4.2,1.078,0.538,0.351,2.004
23,4.4,1.086,0.542,0.353,2.004
24,4.6,1.096,0.547,0.345,2.004
25,4.8,1.105,0.551,0.351,2.005
26,5,1.115,0.557,0.353,2.002
27,5.2,1.123,0.56,0.35,2.005
28,5.4,1.132,0.565,0.35,2.004
29,5.6,1.142,0.57,0.356,2.004
30,5.8,1.149,0.574,0.358,2.002
31,6,1.159,0.579,0.356,2.002
32,6.2,1.168,0.583,0.359,2.003
33,6.4,1.178,0.588,0.362,2.003
34,6.6,1.187,0.592,0.356,2.005
35,6.8,1.198,0.598,0.358,2.003
36,7,1.206,0.602,0.361,2.003
37,7.2,1.215,0.606,0.357,2.005
38,7.4,1.226,0.612,0.363,2.003
39,7.6,1.234,0.616,0.365,2.003
40,7.8,1.244,0.621,0.367,2.003
41,8,1.253,0.625,0.37,2.005
42,8.2,1.263,0.63,0.366,2.005
43,8.4,1.272,0.635,0.365,2.003
44,8.6,1.283,0.64,0.367,2.005
45,8.8,1.291,0.644,0.368,2.005
46,9,1.3,0.649,0.367,2.003
47,9.2,1.31,0.654,0.37,2.003
48,9.4,1.319,0.658,0.374,2.005
49,9.6,1.328,0.663,0.371,2.003
50,9.8,1.337,0.667,0.37,2.004
51,10,1.347,0.672,0.374,2.004
52,10.2,1.355,0.676,0.372,2.004
53,10.4,1.365,0.681,0.375,2.004
54,10.6,1.373,0.685,0.374,2.004
55,10.8,1.382,0.689,0.368,2.006
56,11,1.392,0.695,0.378,2.003
57,11.2,1.4,0.699,0.375,2.003
58,11.4,1.409,0.703,0.375,2.004
59,11.6,1.417,0.707,0.383,2.004
60,11.8,1.427,0.712,0.38,2.004
61,12,1.435,0.717,0.382,2.001
62,12.2,1.445,0.722,0.378,2.001
63,12.4,1.454,0.727,0.379,2
64,12.6,1.462,0.73,0.386,2.003
65,12.8,1.473,0.736,0.389,2.001
66,13,1.482,0.74,0.384,2.003
67,13.2,1.492,0.745,0.389,2.003
68,13.4,1.5,0.749,0.394,2.003
69,13.6,1.511,0.754,0.39,2.004
70,13.8,1.52,0.759,0.39,2.003
71,14,1.529,0.763,0.395,2.004
72,14.2,1.537,0.768,0.393,2.001
73,14.4,1.546,0.772,0.395,2.003
74,14.6,1.555,0.777,0.4,2.001
75,14.8,1.564,0.781,0.4,2.003
76,15,1.573,0.786,0.402,2.001
77,15.2,1.581,0.79,0.407,2.001
78,15.4,1.592,0.795,0.405,2.003
79,15.6,1.599,0.799,0.403,2.001
80,15.8,1.609,0.804,0.412,2.001
81,16,1.617,0.808,0.408,2.001
82,16.2,1.625,0.812,0.406,2.001
83,16.4,1.635,0.816,0.419,2.004
84,16.6,1.643,0.82,0.412,2.004
85,16.8,1.652,0.825,0.418,2.002
86,17,1.66,0.829,0.427,2.002
87,17.2,1.67,0.833,0.411,2.005
88,17.4,1.678,0.837,0.418,2.005
89,17.6,1.688,0.843,0.422,2.002
90,17.8,1.696,0.847,0.413,2.002
91,18,1.705,0.851,0.419,2.004
92,18.2,1.714,0.855,0.421,2.005
93,18.4,1.721,0.859,0.427,2.003
94,18.6,1.731,0.863,0.427,2.006
95,18.8,1.739,0.867,0.424,2.006
96,19,1.748,0.872,0.426,2.005
97,19.2,1.756,0.876,0.427,2.005
98,19.4,1.766,0.881,0.424,2.005
99,19.6,1.773,0.885,0.425,2.003
100,19.8,1.781,0.889,0.42,2.003
101,20,1.79,0.894,0.425,2.002
102,20.2,1.798,0.898,0.429,2.002
103,20.4,1.808,0.903,0.428,2.002
104,20.6,1.815,0.907,0.426,2.001
105,20.8,1.825,0.911,0.426,2.003
106,21,1.833,0.915,0.431,2.003
107,21.2,1.843,0.92,0.43,2.003
108,21.4,1.851,0.925,0.427,2.001
109,21.6,1.859,0.929,0.431,2.001
110,21.8,1.87,0.934,0.435,2.002
111,22,1.877,0.938,0.435,2.001
112,22.2,1.888,0.943,0.434,2.002
113,22.4,1.896,0.948,0.441,2
114,22.6,1.906,0.953,0.438,2
115,22.8,1.915,0.957,0.441,2.001
116,23,1.926,0.963,0.437,2
117,23.2,1.934,0.967,0.439,2
118,23.4,1.943,0.971,0.441,2.001
119,23.6,1.953,0.976,0.443,2.001
120,23.8,1.962,0.98,0.444,2.002
121,24,1.973,0.986,0.445,2.001
122,24.2,1.982,0.99,0.448,2.002
123,24.4,1.993,0.995,0.452,2.003
124,24.6,2.002,0.999,0.447,2.004
125,24.8,2.013,1.004,0.447,2.005
126,25,2.02,1.008,0.453,2.004
127,25.2,2.028,1.012,0.447,2.004
128,25.4,2.039,1.017,0.451,2.005
129,25.6,2.047,1.021,0.451,2.005
130,25.8,2.056,1.026,0.458,2.004
131,26,2.064,1.03,0.459,2.004
132,26.2,2.076,1.036,0.455,2.004
133,26.4,2.084,1.04,0.455,2.004
134,26.6,2.094,1.045,0.456,2.004
135,26.8,2.102,1.049,0.455,2.004
136,27,2.111,1.053,0.455,2.005
137,27.2,2.12,1.058,0.46,2.004
138,27.4,2.129,1.062,0.462,2.005
139,27.6,2.139,1.067,0.461,2.005
140,27.8,2.147,1.071,0.466,2.005
141,28,2.157,1.076,0.461,2.005
142,28.2,2.166,1.08,0.463,2.006
143,28.4,2.176,1.086,0.465,2.004
144,28.6,2.185,1.09,0.466,2.005
145,28.8,2.193,1.094,0.467,2.005
146,29,2.203,1.1,0.471,2.003
147,29.2,2.211,1.104,0.466,2.003
148,29.4,2.222,1.108,0.475,2.005
149,29.6,2.23,1.112,0.476,2.005
150,29.8,2.241,1.117,0.477,2.006
151,30,2.248,1.121,0.478,2.005
152,30.2,2.257,1.126,0.482,2.004
153,30.4,2.265,1.13,0.482,2.004
154,30.6,2.273,1.133,0.48,2.006
155,30.8,2.282,1.138,0.484,2.005
156,31,2.289,1.142,0.491,2.004
157,31.2,2.299,1.147,0.492,2.004
158,31.4,2.306,1.151,0.494,2.003
159,31.6,2.317,1.156,0.493,2.004
160,31.8,2.324,1.16,0.496,2.003
161,32,2.334,1.165,0.499,2.003
162,32.2,2.343,1.17,0.498,2.003
163,32.4,2.351,1.174,0.496,2.003
164,32.6,2.361,1.179,0.506,2.003
165,32.8,2.369,1.183,0.505,2.003
166,33,2.379,1.188,0.51,2.003
167,33.2,2.388,1.193,0.508,2.002
168,33.4,2.399,1.198,0.509,2.003
169,33.6,2.407,1.202,0.513,2.002
170,33.8,2.419,1.208,0.51,2.002
171,34,2.427,1.212,0.514,2.002
172,34.2,2.435,1.216,0.515,2.002
173,34.4,2.447,1.221,0.514,2.004
174,34.6,2.456,1.225,0.515,2.005
175,34.8,2.466,1.23,0.524,2.005
176,35,2.474,1.234,0.524,2.005
177,35.2,2.484,1.239,0.521,2.005
178,35.4,2.492,1.243,0.524,2.005
179,35.6,2.502,1.248,0.521,2.005
180,35.8,2.511,1.253,0.525,2.004
181,36,2.519,1.257,0.524,2.004
182,36.2,2.529,1.262,0.528,2.004
183,36.4,2.537,1.266,0.531,2.004
184,36.6,2.547,1.272,0.53,2.002
185,36.8,2.555,1.276,0.534,2.002
186,37,2.564,1.28,0.542,2.003
187,37.2,2.573,1.285,0.542,2.002
188,37.4,2.583,1.29,0.547,2.002
189,37.6,2.591,1.294,0.546,2.002
190,37.8,2.6,1.299,0.537,2.002
191,38,2.61,1.304,0.543,2.002
192,38.2,2.619,1.308,0.541,2.002
193,38.4,2.629,1.314,0.537,2.001
194,38.6,2.638,1.318,0.545,2.002
195,38.8,2.648,1.323,0.543,2.002
196,39,2.657,1.327,0.54,2.002
197,39.2,2.667,1.332,0.542,2.002
198,39.4,2.675,1.336,0.545,2.002
199,39.6,2.683,1.34,0.543,2.002
200,39.8,2.694,1.345,0.547,2.003
201,40,2.702,1.35,0.549,2.001
202,40.2,2.712,1.355,0.55,2.001
203,40.4,2.72,1.359,0.557,2.001
204,40.6,2.73,1.364,0.555,2.001
205,40.8,2.738,1.368,0.55,2.001
206,41,2.748,1.373,0.553,2.001
207,41.2,2.757,1.377,0.557,2.002
208,41.4,2.765,1.381,0.552,2.002
209,41.6,2.774,1.386,0.56,2.001
210,41.8,2.782,1.39,0.562,2.001
211,42,2.793,1.395,0.562,2.002
212,42.2,2.801,1.399,0.562,2.002
213,42.4,2.811,1.404,0.561,2.002
214,42.6,2.82,1.409,0.562,2.001
215,42.8,2.83,1.414,0.563,2.001
216,43,2.839,1.418,0.557,2.002
217,43.2,2.847,1.423,0.56,2.001
218,43.4,2.856,1.427,0.566,2.001
219,43.6,2.865,1.432,0.565,2.001
220,43.8,2.875,1.437,0.571,2.001
221,44,2.883,1.441,0.572,2.001
222,44.2,2.893,1.446,0.57,2.001
223,44.4,2.901,1.45,0.569,2.001
224,44.6,2.911,1.455,0.573,2.001
225,44.8,2.919,1.459,0.571,2.001
226,45,2.928,1.463,0.565,2.001
227,45.2,2.938,1.468,0.577,2.001
228,45.4,2.946,1.473,0.575,2
229,45.6,2.956,1.477,0.579,2.001
230,45.8,2.965,1.482,0.577,2.001
231,46,2.975,1.487,0.573,2.001
232,46.2,2.983,1.491,0.58,2.001
233,46.4,2.993,1.496,0.579,2.001
234,46.6,3.002,1.5,0.575,2.001
235,46.8,3.01,1.505,0.579,2
236,47,3.02,1.51,0.584,2
237,47.2,3.031,1.515,0.581,2.001
238,47.4,3.041,1.52,0.586,2.001
239,47.6,3.05,1.524,0.589,2.001
240,47.8,3.062,1.53,0.587,2.001
241,48,3.07,1.534,0.586,2.001
242,48.2,3.081,1.539,0.59,2.002
243,48.4,3.089,1.543,0.589,2.002
244,48.6,3.098,1.548,0.585,2.001
245,48.8,3.108,1.553,0.592,2.001
246,49,3.117,1.557,0.589,2.002
247,49.2,3.127,1.562,0.596,2.002
248,49.4,3.135,1.566,0.601,2.002
249,49.6,3.144,1.571,0.595,2.001
250,49.8,3.153,1.575,0.597,2.002
251,50,3.162,1.58,0.601,2.001
252,50.2,3.17,1.584,0.598,2.001
253,50.4,3.177,1.588,0.599,2.001
254,50.6,3.187,1.593,0.599,2.001
255,50.8,3.195,1.597,0.599,2.001
256,51,3.204,1.602,0.603,2
257,51.2,3.212,1.606,0.606,2
258,51.4,3.222,1.611,0.603,2
259,51.6,3.23,1.615,0.606,2
260,51.8,3.24,1.62,0.608,2
261,52,3.248,1.624,0.606,2
262,52.2,3.256,1.628,0.608,2
263,52.4,3.267,1.633,0.609,2.001
264,52.6,3.275,1.638,0.61,1.999
265,52.8,3.285,1.643,0.614,1.999
266,53,3.294,1.647,0.613,2
267,53.2,3.303,1.652,0.61,1.999
268,53.4,3.312,1.656,0.616,2
269,53.6,3.321,1.661,0.616,1.999
270,53.8,3.329,1.665,0.614,1.999
271,54,3.337,1.669,0.617,1.999
272,54.2,3.347,1.674,0.616,1.999
273,54.4,3.355,1.678,0.621,1.999
274,54.6,3.365,1.683,0.623,1.999
275,54.8,3.373,1.687,0.622,1.999
276,55,3.383,1.692,0.625,1.999
277,55.2,3.39,1.696,0.627,1.999
278,55.4,3.4,1.701,0.629,1.999
279,55.6,3.408,1.704,0.627,2
280,55.8,3.416,1.709,0.63,1.999
281,56,3.426,1.714,0.632,1.999
282,56.2,3.434,1.718,0.631,1.999
283,56.4,3.445,1.724,0.632,1.998
284,56.6,3.454,1.728,0.636,1.999
285,56.8,3.465,1.733,0.636,1.999
286,57,3.474,1.737,0.633,2
287,57.2,3.485,1.743,0.636,1.999
288,57.4,3.493,1.747,0.639,1.999
289,57.6,3.502,1.752,0.633,1.999
290,57.8,3.513,1.757,0.638,1.999
291,58,3.521,1.761,0.641,1.999
292,58.2,3.532,1.766,0.639,2
293,58.4,3.54,1.77,0.644,2
294,58.6,3.55,1.775,0.643,2
295,58.8,3.559,1.779,0.644,2.001
296,59,3.569,1.784,0.649,2.001
297,59.2,3.577,1.789,0.647,1.999
298,59.4,3.585,1.792,0.646,2.001
299,59.6,3.596,1.798,0.653,2
300,59.8,3.604,1.802,0.653,2
301,60,3.614,1.807,0.655,2
302,60.2,3.622,1.811,0.662,2
303,60.4,3.632,1.815,0.658,2.001
304,60.6,3.64,1.819,0.657,2.001
305,60.8,3.65,1.824,0.664,2.001
306,61,3.657,1.828,0.663,2.001
307,61.2,3.665,1.832,0.656,2.001
308,61.4,3.675,1.837,0.668,2.001
309,61.6,3.682,1.841,0.663,2
310,61.8,3.692,1.847,0.666,1.999
311,62,3.7,1.851,0.669,1.999
312,62.2,3.71,1.856,0.667,1.999
313,62.4,3.719,1.86,0.671,1.999
314,62.6,3.729,1.865,0.671,1.999
315,62.8,3.737,1.869,0.674,1.999
316,63,3.746,1.874,0.677,1.999
317,63.2,3.757,1.879,0.677,1.999
318,63.4,3.765,1.883,0.682,1.999
319,63.6,3.774,1.888,0.684,1.999
320,63.8,3.783,1.892,0.687,1.999
321,64,3.792,1.897,0.686,1.999
322,64.2,3.8,1.901,0.69,1.999
323,64.4,3.81,1.906,0.688,1.999
324,64.6,3.818,1.91,0.688,1.999
325,64.8,3.826,1.914,0.689,1.999
326,65,3.838,1.92,0.689,1.999
327,65.2,3.845,1.923,0.694,1.999
328,65.4,3.854,1.928,0.698,1.999
329,65.6,3.862,1.931,0.699,2
330,65.8,3.871,1.936,0.701,1.999
331,66,3.879,1.94,0.703,1.999
332,66.2,3.889,1.946,0.703,1.998
333,66.4,3.898,1.949,0.699,2
334,66.6,3.905,1.953,0.709,1.999
335,66.8,3.915,1.958,0.709,1.999
336,67,3.922,1.962,0.712,1.999
337,67.2,3.932,1.967,0.719,1.999
338,67.4,3.94,1.971,0.716,1.999
339,67.6,3.949,1.975,0.721,1.999
340,67.8,3.957,1.979,0.719,1.999
341,68,3.968,1.985,0.716,1.999
342,68.2,3.975,1.989,0.725,1.998
343,68.4,3.983,1.993,0.727,1.998
344,68.6,3.995,1.996,0.718,2.002
345,68.8,4.003,1.996,0.73,2.006
346,69,4.007,1.996,0.728,2.008
347,69.2,4.006,1.995,0.738,2.008
348,69.4,4.007,1.996,0.738,2.008
349,69.6,4.006,1.996,0.734,2.007
350,69.8,4.007,1.996,0.739,2.008
351,70,4.007,1.996,0.744,2.008
352,70.2,4.007,1.996,0.745,2.008
353,70.4,4.007,1.996,0.738,2.008
354,70.6,4.007,1.996,0.739,2.008
355,70.8,4.006,1.996,0.75,2.007
356,71,4.006,1.995,0.741,2.008
357,71.2,4.006,1.996,0.764,2.007
358,71.4,4.007,1.996,0.819,2.008
359,71.4,4.007,1.996,0.647,2.008
360,71.2,4.007,1.996,0.597,2.008
361,71,4.006,1.995,0.506,2.008
362,70.8,4.006,1.996,0.453,2.007
363,70.6,4.007,1.996,0.399,2.008
364,70.4,4.006,1.995,0.346,2.008
365,70.2,4.006,1.996,0.309,2.007
366,70,4.007,1.996,0.3,2.008
367,69.8,4.007,1.996,0.277,2.008
368,69.6,4.007,1.996,0.259,2.008
369,69.4,4.007,1.996,0.277,2.008
370,69.2,4.007,1.996,0.29,2.008
371,69,4.006,1.996,0.278,2.007
372,68.8,4.006,1.996,0.279,2.007
373,68.6,4.007,1.996,0.28,2.008
374,68.4,4.007,1.996,0.277,2.008
375,68.2,4.007,1.996,0.271,2.008
376,68,4.007,1.996,0.274,2.008
377,67.8,4.004,1.996,0.279,2.006
378,67.6,3.995,1.996,0.277,2.002
379,67.4,3.984,1.994,0.278,1.998
380,67.2,3.976,1.989,0.281,1.999
381,67,3.968,1.985,0.274,1.999
382,66.8,3.957,1.98,0.281,1.998
383,66.6,3.95,1.976,0.272,1.999
384,66.4,3.94,1.971,0.272,1.999
385,66.2,3.932,1.967,0.276,1.999
386,66,3.922,1.962,0.272,1.999
387,65.8,3.914,1.958,0.273,1.999
388,65.6,3.904,1.953,0.277,1.999
389,65.4,3.895,1.949,0.274,1.998
390,65.2,3.887,1.945,0.272,1.998
391,65,3.877,1.94,0.274,1.998
392,64.8,3.871,1.936,0.268,1.999
393,64.6,3.86,1.931,0.267,1.999
394,64.4,3.854,1.927,0.269,2
395,64.2,3.843,1.922,0.267,1.999
396,64,3.834,1.918,0.268,1.999
397,63.8,3.825,1.913,0.274,1.999
398,63.6,3.816,1.909,0.271,1.999
399,63.4,3.808,1.905,0.267,1.999
400,63.2,3.798,1.9,0.267,1.999
401,63,3.791,1.896,0.259,1.999
402,62.8,3.781,1.891,0.262,1.999
403,62.6,3.772,1.887,0.259,1.999
404,62.4,3.763,1.882,0.258,1.999
405,62.2,3.754,1.878,0.262,1.999
406,62,3.743,1.873,0.259,1.998
407,61.8,3.735,1.868,0.251,1.999
408,61.6,3.727,1.864,0.258,1.999
409,61.4,3.716,1.859,0.256,1.999
410,61.2,3.708,1.855,0.25,1.999
411,61,3.698,1.849,0.253,2
412,60.8,3.69,1.845,0.25,2
413,60.6,3.681,1.84,0.25,2.001
414,60.4,3.673,1.836,0.251,2.001
415,60.2,3.663,1.831,0.251,2.001
416,60,3.655,1.827,0.253,2.001
417,59.8,3.648,1.823,0.253,2.001
418,59.6,3.637,1.818,0.25,2.001
419,59.4,3.629,1.814,0.247,2.001
420,59.2,3.62,1.81,0.248,2
421,59,3.613,1.806,0.243,2.001
422,58.8,3.603,1.801,0.249,2.001
423,58.6,3.594,1.797,0.248,2
424,58.4,3.583,1.791,0.247,2.001
425,58.2,3.575,1.787,0.25,2.001
426,58,3.566,1.783,0.246,2
427,57.8,3.556,1.778,0.247,2
428,57.6,3.548,1.774,0.243,2
429,57.4,3.538,1.769,0.243,2
430,57.2,3.53,1.765,0.246,2
431,57,3.519,1.76,0.243,1.999
432,56.8,3.511,1.756,0.245,1.999
433,56.6,3.5,1.75,0.247,2
434,56.4,3.49,1.745,0.249,2
435,56.2,3.482,1.741,0.25,2
436,56,3.471,1.736,0.245,1.999
437,55.8,3.463,1.732,0.24,1.999
438,55.6,3.452,1.727,0.247,1.999
439,55.4,3.443,1.722,0.245,1.999
440,55.2,3.433,1.717,0.244,1.999
441,55,3.425,1.713,0.25,1.999
442,54.8,3.415,1.707,0.243,2.001
443,54.6,3.406,1.703,0.247,2
444,54.4,3.397,1.699,0.249,1.999
445,54.2,3.388,1.694,0.243,2
446,54,3.38,1.69,0.245,2
447,53.8,3.371,1.686,0.241,1.999
448,53.6,3.363,1.682,0.241,1.999
449,53.4,3.352,1.676,0.243,2
450,53.2,3.344,1.672,0.245,2
451,53,3.334,1.667,0.242,2
452,52.8,3.327,1.664,0.243,1.999
453,52.6,3.318,1.659,0.246,2
454,52.4,3.307,1.654,0.245,1.999
455,52.2,3.3,1.65,0.243,2
456,52,3.291,1.645,0.24,2.001
457,51.8,3.282,1.641,0.243,2
458,51.6,3.272,1.636,0.245,2
459,51.4,3.263,1.632,0.241,1.999
460,51.2,3.254,1.627,0.243,2
461,51,3.245,1.622,0.247,2.001
462,50.8,3.237,1.618,0.242,2.001
463,50.6,3.226,1.613,0.246,2
464,50.4,3.218,1.609,0.24,2
465,50.2,3.208,1.604,0.24,2
466,50,3.201,1.6,0.241,2.001
467,49.8,3.191,1.595,0.242,2.001
468,49.6,3.184,1.591,0.239,2.001
469,49.4,3.173,1.586,0.238,2.001
470,49.2,3.165,1.582,0.244,2.001
471,49,3.158,1.578,0.243,2.001
472,48.8,3.147,1.573,0.238,2.001
473,48.6,3.14,1.569,0.237,2.001
474,48.4,3.131,1.564,0.234,2.002
475,48.2,3.123,1.56,0.231,2.002
476,48,3.112,1.555,0.239,2.001
477,47.8,3.103,1.551,0.244,2.001
478,47.6,3.093,1.546,0.234,2.001
479,47.4,3.084,1.541,0.242,2.001
480,47.2,3.075,1.536,0.244,2.002
481,47,3.064,1.531,0.235,2.001
482,46.8,3.056,1.527,0.234,2.001
483,46.6,3.045,1.522,0.237,2.001
484,46.4,3.036,1.518,0.234,2
485,46.2,3.025,1.512,0.237,2.001
486,46,3.016,1.508,0.239,2
487,45.8,3.005,1.502,0.236,2.001
488,45.6,2.996,1.498,0.236,2
489,45.4,2.988,1.493,0.235,2.001
490,45.2,2.977,1.488,0.24,2.001
491,45,2.969,1.484,0.233,2.001
492,44.8,2.959,1.479,0.232,2.001
493,44.6,2.95,1.475,0.235,2
494,44.4,2.94,1.47,0.238,2
495,44.2,2.932,1.466,0.234,2
496,44,2.923,1.461,0.233,2.001
497,43.8,2.913,1.456,0.236,2.001
498,43.6,2.905,1.452,0.236,2.001
499,43.4,2.895,1.447,0.234,2.001
500,43.2,2.886,1.443,0.231,2
501,43,2.877,1.438,0.231,2.001
502,42.8,2.868,1.434,0.234,2
503,42.6,2.858,1.429,0.233,2
504,42.4,2.85,1.424,0.231,2.001
505,42.2,2.84,1.42,0.233,2
506,42,2.831,1.415,0.234,2.001
507,41.8,2.823,1.411,0.234,2.001
508,41.6,2.812,1.406,0.234,2
509,41.4,2.805,1.402,0.227,2.001
510,41.2,2.794,1.396,0.228,2.001
511,41,2.786,1.392,0.23,2.001
512,40.8,2.777,1.387,0.229,2.002
513,40.6,2.768,1.383,0.227,2.001
514,40.4,2.758,1.378,0.227,2.001
515,40.2,2.75,1.374,0.231,2.001
516,40,2.741,1.37,0.227,2.001
517,39.8,2.731,1.365,0.222,2.001
518,39.6,2.722,1.36,0.222,2.001
519,39.4,2.713,1.356,0.22,2.001
520,39.2,2.705,1.352,0.219,2.001
521,39,2.695,1.347,0.22,2.001
522,38.8,2.687,1.343,0.218,2.001
523,38.6,2.676,1.337,0.217,2.001
524,38.4,2.668,1.333,0.219,2.002
525,38.2,2.66,1.329,0.217,2.002
526,38,2.649,1.324,0.215,2.001
527,37.8,2.642,1.32,0.211,2.002
528,37.6,2.632,1.315,0.208,2.002
529,37.4,2.623,1.311,0.208,2.001
530,37.2,2.614,1.306,0.206,2.002
531,37,2.605,1.302,0.204,2.001
532,36.8,2.594,1.296,0.209,2.002
533,36.6,2.586,1.292,0.212,2.002
534,36.4,2.577,1.287,0.212,2.002
535,36.2,2.567,1.282,0.212,2.002
536,36,2.558,1.278,0.206,2.002
537,35.8,2.549,1.273,0.207,2.002
538,35.6,2.541,1.269,0.205,2.002
539,35.4,2.53,1.263,0.209,2.003
540,35.2,2.522,1.259,0.211,2.003
541,35,2.511,1.254,0.207,2.002
542,34.8,2.503,1.249,0.211,2.004
543,34.6,2.495,1.245,0.21,2.004
544,34.4,2.484,1.24,0.208,2.003
545,34.2,2.477,1.236,0.205,2.004
546,34,2.467,1.231,0.203,2.004
547,33.8,2.459,1.227,0.203,2.004
548,33.6,2.448,1.222,0.207,2.003
549,33.4,2.439,1.218,0.207,2.002
550,33.2,2.427,1.213,0.205,2.001
551,33,2.418,1.209,0.207,2
552,32.8,2.409,1.204,0.205,2.001
553,32.6,2.398,1.198,0.204,2.002
554,32.4,2.39,1.194,0.202,2.002
555,32.2,2.38,1.189,0.201,2.002
556,32,2.371,1.185,0.199,2.001
557,31.8,2.36,1.179,0.201,2.002
558,31.6,2.352,1.175,0.2,2.002
559,31.4,2.342,1.17,0.2,2.002
560,31.2,2.333,1.165,0.204,2.003
561,31,2.325,1.161,0.201,2.003
562,30.8,2.315,1.156,0.198,2.003
563,30.6,2.307,1.151,0.197,2.004
564,30.4,2.297,1.147,0.196,2.003
565,30.2,2.29,1.143,0.194,2.003
566,30,2.28,1.138,0.197,2.004
567,29.8,2.273,1.134,0.194,2.004
568,29.6,2.263,1.129,0.194,2.004
569,29.4,2.255,1.125,0.196,2.004
570,29.2,2.247,1.121,0.195,2.004
571,29,2.237,1.116,0.193,2.004
572,28.8,2.228,1.112,0.191,2.004
573,28.6,2.218,1.107,0.191,2.004
574,28.4,2.21,1.104,0.189,2.002
575,28.2,2.2,1.099,0.187,2.002
576,28,2.191,1.094,0.192,2.003
577,27.8,2.18,1.089,0.189,2.002
578,27.6,2.171,1.084,0.187,2.003
579,27.4,2.164,1.08,0.19,2.004
580,27.2,2.153,1.074,0.189,2.005
581,27,2.144,1.07,0.183,2.004
582,26.8,2.135,1.065,0.185,2.005
583,26.6,2.126,1.061,0.183,2.004
584,26.4,2.116,1.056,0.183,2.004
585,26.2,2.108,1.052,0.185,2.004
586,26,2.097,1.046,0.183,2.005
587,25.8,2.089,1.042,0.187,2.005
588,25.6,2.08,1.038,0.184,2.004
589,25.4,2.07,1.033,0.18,2.004
590,25.2,2.061,1.029,0.178,2.003
591,25,2.052,1.024,0.181,2.004
592,24.8,2.044,1.02,0.175,2.004
593,24.6,2.033,1.015,0.177,2.003
594,24.4,2.025,1.01,0.18,2.005
595,24.2,2.015,1.005,0.177,2.005
596,24,2.007,1.001,0.177,2.005
597,23.8,1.998,0.997,0.175,2.004
598,23.6,1.987,0.992,0.174,2.003
599,23.4,1.978,0.988,0.167,2.002
600,23.2,1.967,0.983,0.173,2.001
601,23,1.958,0.979,0.172,2
602,22.8,1.947,0.973,0.17,2.001
603,22.6,1.938,0.969,0.172,2
604,22.4,1.927,0.963,0.171,2.001
605,22.2,1.918,0.959,0.173,2
606,22,1.909,0.954,0.174,2.001
607,21.8,1.898,0.949,0.171,2
608,21.6,1.89,0.945,0.168,2
609,21.4,1.88,0.94,0.169,2
610,21.2,1.872,0.935,0.167,2.002
611,21,1.861,0.93,0.169,2.001
612,20.8,1.854,0.926,0.167,2.002
613,20.6,1.843,0.921,0.167,2.001
614,20.4,1.835,0.916,0.171,2.003
615,20.2,1.826,0.912,0.168,2.002
616,20,1.816,0.907,0.169,2.002
617,19.8,1.808,0.903,0.164,2.002
618,19.6,1.8,0.898,0.165,2.004
619,19.4,1.791,0.894,0.164,2.003
620,19.2,1.781,0.889,0.164,2.003
621,19,1.774,0.885,0.164,2.005
622,18.8,1.764,0.88,0.165,2.005
623,18.6,1.756,0.877,0.166,2.002
624,18.4,1.748,0.872,0.165,2.005
625,18.2,1.738,0.867,0.161,2.005
626,18,1.731,0.864,0.157,2.003
627,17.8,1.721,0.859,0.158,2.003
628,17.6,1.712,0.855,0.156,2.002
629,17.4,1.702,0.85,0.159,2.002
630,17.2,1.695,0.846,0.158,2.004
631,17,1.684,0.841,0.158,2.002
632,16.8,1.677,0.837,0.16,2.004
633,16.6,1.667,0.833,0.156,2.001
634,16.4,1.657,0.828,0.159,2.001
635,16.2,1.649,0.824,0.152,2.001
636,16,1.64,0.819,0.155,2.002
637,15.8,1.632,0.815,0.156,2.002
638,15.6,1.622,0.81,0.156,2.002
639,15.4,1.614,0.806,0.154,2.002
640,15.2,1.604,0.801,0.153,2.002
641,15,1.595,0.797,0.157,2.001
642,14.8,1.587,0.792,0.151,2.004
643,14.6,1.577,0.787,0.153,2.004
644,14.4,1.569,0.783,0.149,2.004
645,14.2,1.559,0.779,0.148,2.001
646,14,1.551,0.775,0.146,2.001
647,13.8,1.541,0.77,0.146,2.001
648,13.6,1.532,0.765,0.146,2.003
649,13.4,1.523,0.76,0.143,2.004
650,13.2,1.514,0.756,0.144,2.003
651,13,1.506,0.752,0.147,2.003
652,12.8,1.495,0.746,0.142,2.004
653,12.6,1.486,0.742,0.139,2.003
654,12.4,1.475,0.737,0.144,2.001
655,12.2,1.467,0.733,0.138,2.001
656,12,1.457,0.728,0.143,2.001
657,11.8,1.447,0.723,0.143,2.001
658,11.6,1.436,0.718,0.137,2
659,11.4,1.428,0.713,0.145,2.003
660,11.2,1.42,0.709,0.143,2.003
661,11,1.411,0.704,0.139,2.004
662,10.8,1.403,0.7,0.135,2.004
663,10.6,1.393,0.695,0.139,2.004
664,10.4,1.385,0.691,0.135,2.004
665,10.2,1.375,0.686,0.136,2.004
666,10,1.367,0.682,0.139,2.004
667,9.8,1.357,0.677,0.135,2.004
668,9.6,1.349,0.673,0.137,2.004
669,9.4,1.34,0.669,0.138,2.003
670,9.2,1.329,0.663,0.137,2.005
671,9,1.322,0.66,0.131,2.003
672,8.8,1.311,0.654,0.135,2.005
673,8.6,1.302,0.65,0.132,2.003
674,8.4,1.292,0.645,0.134,2.003
675,8.2,1.284,0.641,0.133,2.003
676,8,1.273,0.635,0.134,2.005
677,7.8,1.264,0.63,0.136,2.006
678,7.6,1.255,0.626,0.132,2.005
679,7.4,1.245,0.621,0.131,2.005
680,7.2,1.236,0.617,0.127,2.003
681,7,1.226,0.612,0.129,2.003
682,6.8,1.217,0.607,0.127,2.005
683,6.6,1.206,0.602,0.127,2.003
684,6.4,1.198,0.598,0.126,2.003
685,6.2,1.187,0.593,0.129,2.002
686,6,1.178,0.588,0.128,2.003
687,5.8,1.169,0.584,0.127,2.002
688,5.6,1.158,0.578,0.127,2.003
689,5.4,1.151,0.574,0.122,2.005
690,5.2,1.141,0.569,0.127,2.005
691,5,1.133,0.565,0.123,2.005
692,4.8,1.122,0.56,0.123,2.004
693,4.6,1.114,0.556,0.124,2.004
694,4.4,1.102,0.55,0.123,2.004
695,4.2,1.094,0.546,0.124,2.004
696,4,1.086,0.542,0.12,2.004
697,3.8,1.076,0.537,0.119,2.004
698,3.6,1.067,0.533,0.115,2.002
699,3.4,1.057,0.527,0.117,2.006
700,3.2,1.049,0.523,0.116,2.006
701,3,1.038,0.518,0.116,2.004
702,2.8,1.029,0.514,0.116,2.002
703,2.6,1.019,0.509,0.115,2.002
704,2.4,1.01,0.504,0.117,2.004
705,2.2,1.001,0.5,0.114,2.002
706,2,0.989,0.494,0.114,2.002
707,1.8,0.981,0.489,0.112,2.006
708,1.6,0.97,0.484,0.113,2.004
709,1.4,0.961,0.479,0.111,2.006
710,1.2,0.952,0.475,0.088,2.004
711,1,0.947,0.473,0.032,2.002
712,0.8,0.94,0.469,0,2.004
713,0.6,0.939,0.467,0.043,2.011
714,0.4,0.939,0.464,0.071,2.024
715,0.2,0.939,0.464,0.118,2.024
716,0,0.939,0.464,0.14,2.024
717,0,0,0,0,0
718,0,0,0,0,0
719,0,0,0,0,0
720,0,0,0,0,0
721,0,0,0,0,0
722,0,0,0,0,0
723,0,0,0,0,0
724,0,0,0,0,0
725,0,0,0,0,0
726,0,0,0,0,0
727,0,0,0,0,0
728,0,0,0,0,0
729,0,0,0,0,0
730,0,0,0,0,0
731,0,0,0,0,0
732,0,0,0,0,0
733,0,0,0,0,0
734,0,0,0,0,0
735,0,0,0,0,0
736,0,0,0,0,0
737,0,0,0,0,0
738,0,0,0,0,0
739,0,0,0,0,0
740,0,0,0,0,0
741,0,0,0,0,0
742,0,0,0,0,0
743,0,0,0,0,0
744,0,0,0,0,0
745,0,0,0,0,0
746,0,0,0,0,0
747,0,0,0,0,0
748,0,0,0,0,0
749,0,0,0,0,0
750,0,0,0,0,0
751,0,0,0,0,0
752,0,0,0,0,0
753,0,0,0,0,0
754,0,0,0,0,0
755,0,0,0,0,0
756,0,0,0,0,0
757,0,0,0,0,0
758,0,0,0,0,0
759,0,0,0,0,0
760,0,0,0,0,0
761,0,0,0,0,0
762,0,0,0,0,0
763,0,0,0,0,0
764,0,0,0,0,0
765,0,0,0,0,0
766,0,0,0,0,0
767,0,0,0,0,0
768,0,0,0,0,0
769,0,0,0,0,0
770,0,0,0,0,0
771,0,0,0,0,0
772,0,0,0,0,0
773,0,0,0,0,0
774,0,0,0,0,0
775,0,0,0,0,0
776,0,0,0,0,0
777,0,0,0,0,0
778,0,0,0,0,0
779,0,0,0,0,0
780,0,0,0,0,0
781,0,0,0,0,0
782,0,0,0,0,0
783,0,0,0,0,0
784,0,0,0,0,0
785,0,0,0,0,0
786,0,0,0,0,0
787,0,0,0,0,0
788,0,0,0,0,0
789,0,0,0,0,0
790,0,0,0,0,0
791,0,0,0,0,0
792,0,0,0,0,0
793,0,0,0,0,0
794,0,0,0,0,0
795,0,0,0,0,0
796,0,0,0,0,0
797,0,0,0,0,0
798,0,0,0,0,0
799,0,0,0,0,0
800,0,0,0,0,0
801,0,0,0,0,0
802,0,0,0,0,0
803,0,0,0,0,0
804,0,0,0,0,0
805,0,0,0,0,0
806,0,0,0,0,0
807,0,0,0,0,0
808,0,0,0,0,0
809,0,0,0,0,0
810,0,0,0,0,0
811,0,0,0,0,0
812,0,0,0,0,0
813,0,0,0,0,0
814,0,0,0,0,0
815,0,0,0,0,0
816,0,0,0,0,0
817,0,0,0,0,0
818,0,0,0,0,0
819,0,0,0,0,0
820,0,0,0,0,0
821,0,0,0,0,0
822,0,0,0,0,0
823,0,0,0,0,0
824,0,0,0,0,0
825,0,0,0,0,0
826,0,0,0,0,0
827,0,0,0,0,0
828,0,0,0,0,0
829,0,0,0,0,0
830,0,0,0,0,0
831,0,0,0,0,0
832,0,0,0,0,0
833,0,0,0,0,0
834,0,0,0,0,0
835,0,0,0,0,0
836,0,0,0,0,0
837,0,0,0,0,0
838,0,0,0,0,0
839,0,0,0,0,0
840,0,0,0,0,0
841,0,0,0,0,0
842,0,0,0,0,0
843,0,0,0,0,0
844,0,0,0,0,0
845,0,0,0,0,0
846,0,0,0,0,0
847,0,0,0,0,0
848,0,0,0,0,0
849,0,0,0,0,0
850,0,0,0,0,0
851,0,0,0,0,0
852,0,0,0,0,0
853,0,0,0,0,0
854,0,0,0,0,0
855,0,0,0,0,0
856,0,0,0,0,0
857,0,0,0,0,0
858,0,0,0,0,0
859,0,0,0,0,0
860,0,0,0,0,0
861,0,0,0,0,0
862,0,0,0,0,0
863,0,0,0,0,0
864,0,0,0,0,0
865,0,0,0,0,0
866,0,0,0,0,0
867,0,0,0,0,0
868,0,0,0,0,0
869,0,0,0,0,0
870,0,0,0,0,0
871,0,0,0,0,0
872,0,0,0,0,0
873,0,0,0,0,0
874,0,0,0,0,0
875,0,0,0,0,0
876,0,0,0,0,0
877,0,0,0,0,0
878,0,0,0,0,0
879,0,0,0,0,0
880,0,0,0,0,0
881,0,0,0,0,0
882,0,0,0,0,0
883,0,0,0,0,0
884,0,0,0,0,0
885,0,0,0,0,0
886,0,0,0,0,0
887,0,0,0,0,0
888,0,0,0,0,0
889,0,0,0,0,0
890,0,0,0,0,0
891,0,0,0,0,0
892,0,0,0,0,0
893,0,0,0,0,0
894,0,0,0,0,0
895,0,0,0,0,0
896,0,0,0,0,0
897,0,0,0,0,0
898,0,0,0,0,0
899,0,0,0,0,0
900,0,0,0,0,0
901,0,0,0,0,0
902,0,0,0,0,0
903,0,0,0,0,0
904,0,0,0,0,0
905,0,0,0,0,0
906,0,0,0,0,0
907,0,0,0,0,0
908,0,0,0,0,0
909,0,0,0,0,0
910,0,0,0,0,0
911,0,0,0,0,0
912,0,0,0,0,0
913,0,0,0,0,0
914,0,0,0,0,0
915,0,0,0,0,0
916,0,0,0,0,0
917,0,0,0,0,0
918,0,0,0,0,0
919,0,0,0,0,0
920,0,0,0,0,0
921,0,0,0,0,0
922,0,0,0,0,0
923,0,0,0,0,0
924,0,0,0,0,0
925,0,0,0,0,0
926,0,0,0,0,0
927,0,0,0,0,0
928,0,0,0,0,0
929,0,0,0,0,0
930,0,0,0,0,0
931,0,0,0,0,0
932,0,0,0,0,0
933,0,0,0,0,0
934,0,0,0,0,0
935,0,0,0,0,0
936,0,0,0,0,0
937,0,0,0,0,0
938,0,0,0,0,0
939,0,0,0,0,0
940,0,0,0,0,0
941,0,0,0,0,0
942,0,0,0,0,0
943,0,0,0,0,0
944,0,0,0,0,0
945,0,0,0,0,0
946,0,0,0,0,0
947,0,0,0,0,0
948,0,0,0,0,0
949,0,0,0,0,0
950,0,0,0,0,0
951,0,0,0,0,0
952,0,0,0,0,0
953,0,0,0,0,0
954,0,0,0,0,0
955,0,0,0,0,0
956,0,0,0,0,0
957,0,0,0,0,0
958,0,0,0,0,0
959,0,0,0,0,0
960,0,0,0,0,0
961,0,0,0,0,0
962,0,0,0,0,0
963,0,0,0,0,0
964,0,0,0,0,0
965,0,0,0,0,0
966,0,0,0,0,0
967,0,0,0,0,0
968,0,0,0,0,0
969,0,0,0,0,0
970,0,0,0,0,0
971,0,0,0,0,0
972,0,0,0,0,0
973,0,0,0,0,0
974,0,0,0,0,0
975,0,0,0,0,0
976,0,0,0,0,0
977,0,0,0,0,0
978,0,0,0,0,0
979,0,0,0,0,0
980,0,0,0,0,0
981,0,0,0,0,0
982,0,0,0,0,0
983,0,0,0,0,0
984,0,0,0,0,0
985,0,0,0,0,0
986,0,0,0,0,0
987,0,0,0,0,0
988,0,0,0,0,0
989,0,0,0,0,0
990,0,0,0,0,0
991,0,0,0,0,0
992,0,0,0,0,0
993,0,0,0,0,0
994,0,0,0,0,0
995,0,0,0,0,0
996,0,0,0,0,0
997,0,0,0,0,0
998,0,0,0,0,0
999,0,0,0,0,0
1000,0,0,0,0,0
