Sn,Degree,Volt CH-1,Volt CH-2,Load,Sync
1,0,0.768,0.409,0.3,1.878
2,0.05,0.768,0.409,0.7,1.878
3,0.1,0.768,0.409,2.3,1.878
4,0.15,0.768,0.409,3.5,1.878
5,0.2,0.768,0.409,4.8,1.878
6,0.25,0.768,0.409,5.9,1.878
7,0.3,0.768,0.409,6.9,1.878
8,0.35,0.768,0.409,7.9,1.878
9,0.4,0.768,0.409,8.9,1.878
10,0.45,0.768,0.406,9.8,1.892
11,0.5,0.768,0.405,10.7,1.896
12,0.55,0.769,0.404,11.5,1.903
13,0.6,0.769,0.405,12.3,1.899
14,0.65,0.769,0.404,13,1.903
15,0.7,0.769,0.404,13.6,1.903
16,0.75,0.769,0.404,14.1,1.903
17,0.8,0.782,0.404,14.3,1.936
18,0.85,0.792,0.405,14.5,1.956
19,0.9,0.805,0.404,14.5,1.993
20,0.95,0.815,0.41,14.6,1.988
21,1,0.825,0.416,14.6,1.983
22,1.05,0.837,0.423,14.6,1.979
23,1.1,0.851,0.429,14.6,1.984
24,1.15,0.865,0.435,14.7,1.989
25,1.2,0.875,0.442,14.7,1.98
26,1.25,0.885,0.448,14.7,1.975
27,1.3,0.898,0.454,14.8,1.978
28,1.35,0.912,0.46,14.8,1.983
29,1.4,0.924,0.465,14.8,1.987
30,1.45,0.936,0.472,14.9,1.983
31,1.5,0.95,0.478,14.9,1.987
32,1.55,0.959,0.484,14.9,1.981
33,1.6,0.972,0.49,15,1.984
34,1.65,0.986,0.497,15,1.984
35,1.7,0.999,0.503,15.1,1.986
36,1.75,1.01,0.509,15.1,1.984
37,1.8,1.023,0.514,15.1,1.99
38,1.85,1.036,0.521,15.1,1.988
39,1.9,1.045,0.527,15.2,1.983
40,1.95,1.06,0.533,15.2,1.989
41,2,1.07,0.539,15.2,1.985
42,2.05,1.084,0.544,15.3,1.993
43,2.1,1.097,0.549,15.3,1.998
44,2.15,1.109,0.556,15.3,1.995
45,2.2,1.122,0.562,15.3,1.996
46,2.25,1.137,0.567,15.4,2.005
47,2.3,1.149,0.573,15.4,2.005
48,2.35,1.159,0.579,15.5,2.002
49,2.4,1.173,0.585,15.5,2.005
50,2.45,1.187,0.591,15.6,2.008
51,2.5,1.199,0.597,15.6,2.008
52,2.55,1.213,0.603,15.6,2.012
53,2.6,1.225,0.608,15.6,2.015
54,2.65,1.238,0.614,15.7,2.016
55,2.7,1.248,0.62,15.7,2.013
56,2.75,1.262,0.625,15.8,2.019
57,2.8,1.276,0.631,15.8,2.022
58,2.85,1.287,0.638,15.8,2.017
59,2.9,1.301,0.643,15.8,2.023
60,2.95,1.311,0.649,15.8,2.02
61,3,1.324,0.655,15.9,2.021
62,3.05,1.337,0.66,15.9,2.026
63,3.1,1.349,0.666,16,2.026
64,3.15,1.359,0.672,16,2.022
65,3.2,1.372,0.678,16.1,2.024
66,3.25,1.386,0.684,16.1,2.026
67,3.3,1.401,0.689,16.1,2.033
68,3.35,1.412,0.695,16.1,2.032
69,3.4,1.426,0.7,16.2,2.037
70,3.45,1.434,0.706,16.2,2.031
71,3.5,1.447,0.712,16.3,2.032
72,3.55,1.461,0.717,16.3,2.038
73,3.6,1.474,0.723,16.3,2.039
74,3.65,1.485,0.729,16.3,2.037
75,3.7,1.496,0.734,16.4,2.038
76,3.75,1.508,0.74,16.4,2.038
77,3.8,1.521,0.745,16.5,2.042
78,3.85,1.534,0.751,16.5,2.043
79,3.9,1.547,0.756,16.6,2.046
80,3.95,1.558,0.763,16.6,2.042
81,4,1.568,0.768,16.6,2.042
82,4.05,1.579,0.774,16.6,2.04
83,4.1,1.593,0.78,16.6,2.042
84,4.15,1.603,0.785,16.7,2.042
85,4.2,1.614,0.79,16.7,2.043
86,4.25,1.626,0.798,16.8,2.038
87,4.3,1.64,0.803,16.8,2.042
88,4.35,1.651,0.808,16.9,2.043
89,4.4,1.661,0.815,16.9,2.038
90,4.45,1.675,0.82,16.9,2.043
91,4.5,1.686,0.825,16.9,2.044
92,4.55,1.695,0.832,17,2.037
93,4.6,1.709,0.837,17,2.042
94,4.65,1.722,0.844,17,2.04
95,4.7,1.732,0.849,17.1,2.04
96,4.75,1.743,0.855,17.1,2.039
97,4.8,1.758,0.86,17.1,2.044
98,4.85,1.767,0.866,17.2,2.04
99,4.9,1.778,0.872,17.2,2.039
100,4.95,1.793,0.878,17.3,2.042
101,5,1.803,0.883,17.3,2.042
102,5.05,1.812,0.889,17.3,2.038
103,5.1,1.824,0.896,17.3,2.036
104,5.15,1.839,0.901,17.3,2.041
105,5.2,1.847,0.906,17.4,2.039
106,5.25,1.86,0.912,17.4,2.039
107,5.3,1.87,0.919,17.5,2.035
108,5.35,1.882,0.923,17.5,2.039
109,5.4,1.895,0.93,17.6,2.038
110,5.45,1.907,0.936,17.6,2.037
111,5.5,1.917,0.941,17.6,2.037
112,5.55,1.93,0.948,17.7,2.036
113,5.6,1.94,0.954,17.7,2.034
114,5.65,1.952,0.96,17.7,2.033
115,5.7,1.965,0.966,17.8,2.034
116,5.75,1.973,0.972,17.8,2.03
117,5.8,1.989,0.977,17.8,2.036
118,5.85,1.999,0.984,17.8,2.032
119,5.9,2.011,0.989,17.9,2.033
120,5.95,2.022,0.995,17.9,2.032
121,6,2.034,1.001,18,2.032
122,6.05,2.046,1.007,18,2.032
123,6.1,2.058,1.013,18,2.032
124,6.15,2.067,1.018,18.1,2.03
125,6.2,2.078,1.025,18.1,2.027
126,6.25,2.09,1.03,18.2,2.029
127,6.3,2.102,1.037,18.2,2.027
128,6.35,2.115,1.042,18.2,2.03
129,6.4,2.123,1.048,18.2,2.026
130,6.45,2.137,1.054,18.3,2.028
131,6.5,2.149,1.061,18.3,2.025
132,6.55,2.161,1.067,18.4,2.025
133,6.6,2.169,1.073,18.4,2.021
134,6.65,2.184,1.079,18.4,2.024
135,6.7,2.196,1.085,18.4,2.024
136,6.75,2.204,1.091,18.5,2.02
137,6.8,2.215,1.097,18.5,2.019
138,6.85,2.228,1.103,18.5,2.02
139,6.9,2.242,1.109,18.6,2.022
140,6.95,2.251,1.115,18.6,2.019
141,7,2.262,1.121,18.7,2.018
142,7.05,2.272,1.127,18.7,2.016
143,7.1,2.285,1.133,18.7,2.017
144,7.15,2.297,1.14,18.7,2.015
145,7.2,2.312,1.146,18.8,2.017
146,7.25,2.322,1.152,18.8,2.016
147,7.3,2.334,1.158,18.9,2.016
148,7.35,2.344,1.164,18.9,2.014
149,7.4,2.355,1.17,18.9,2.013
150,7.45,2.367,1.176,19,2.013
151,7.5,2.381,1.182,19,2.014
152,7.55,2.394,1.188,19,2.015
153,7.6,2.402,1.195,19.1,2.01
154,7.65,2.417,1.201,19.2,2.012
155,7.7,2.43,1.208,19.2,2.012
156,7.75,2.441,1.213,19.2,2.012
157,7.8,2.454,1.22,19.2,2.011
158,7.85,2.466,1.226,19.2,2.011
159,7.9,2.476,1.232,19.3,2.01
160,7.95,2.488,1.238,19.3,2.01
161,8,2.5,1.245,19.3,2.008
162,8.05,2.512,1.251,19.4,2.008
163,8.1,2.524,1.257,19.4,2.008
164,8.15,2.534,1.264,19.5,2.005
165,8.2,2.549,1.27,19.5,2.007
166,8.25,2.559,1.277,19.5,2.004
167,8.3,2.572,1.283,19.5,2.005
168,8.35,2.582,1.29,19.6,2.002
169,8.4,2.595,1.295,19.6,2.004
170,8.45,2.607,1.302,19.6,2.002
171,8.5,2.619,1.309,19.7,2.001
172,8.55,2.63,1.315,19.7,2
173,8.6,2.645,1.32,19.7,2.004
174,8.65,2.658,1.326,19.8,2.005
175,8.7,2.666,1.333,19.8,2
176,8.75,2.679,1.34,19.9,1.999
177,8.8,2.694,1.346,19.9,2.001
178,8.85,2.706,1.352,19.9,2.001
179,8.9,2.718,1.359,19.9,2
180,8.95,2.733,1.364,20,2.004
181,9,2.746,1.371,20,2.003
182,9.05,2.756,1.376,20.1,2.003
183,9.1,2.767,1.383,20.1,2.001
184,9.15,2.779,1.389,20.1,2.001
185,9.2,2.791,1.395,20.2,2.001
186,9.25,2.804,1.401,20.2,2.001
187,9.3,2.816,1.407,20.3,2.001
188,9.35,2.829,1.413,20.3,2.002
189,9.4,2.842,1.419,20.3,2.003
190,9.45,2.857,1.424,20.3,2.006
191,9.5,2.87,1.431,20.4,2.006
192,9.55,2.885,1.438,20.5,2.006
193,9.6,2.896,1.443,20.4,2.007
194,9.65,2.91,1.449,20.5,2.008
195,9.7,2.922,1.455,20.5,2.008
196,9.75,2.935,1.461,20.6,2.009
197,9.8,2.944,1.467,20.6,2.007
198,9.85,2.957,1.473,20.6,2.007
199,9.9,2.97,1.479,20.6,2.008
200,9.95,2.983,1.485,20.7,2.009
201,10,2.995,1.491,20.7,2.009
202,10.05,3.008,1.497,20.7,2.009
203,10.1,3.023,1.503,20.7,2.011
204,10.15,3.036,1.508,20.8,2.013
205,10.2,3.049,1.514,20.9,2.014
206,10.25,3.063,1.521,20.9,2.014
207,10.3,3.073,1.527,20.9,2.012
208,10.35,3.084,1.533,20.9,2.012
209,10.4,3.098,1.539,21,2.013
210,10.45,3.113,1.544,21,2.016
211,10.5,3.126,1.549,21,2.018
212,10.55,3.138,1.555,21.1,2.018
213,10.6,3.149,1.561,21.1,2.017
214,10.65,3.163,1.567,21.1,2.019
215,10.7,3.176,1.573,21.2,2.019
216,10.75,3.187,1.579,21.2,2.018
217,10.8,3.197,1.584,21.3,2.018
218,10.85,3.212,1.59,21.3,2.02
219,10.9,3.225,1.596,21.3,2.021
220,10.95,3.236,1.602,21.3,2.02
221,11,3.251,1.608,21.4,2.022
222,11.05,3.259,1.614,21.4,2.019
223,11.1,3.271,1.619,21.5,2.02
224,11.15,3.287,1.624,21.5,2.024
225,11.2,3.299,1.63,21.5,2.024
226,11.25,3.31,1.636,21.6,2.023
227,11.3,3.322,1.642,21.6,2.023
228,11.35,3.332,1.648,21.6,2.022
229,11.4,3.348,1.653,21.7,2.025
230,11.45,3.358,1.658,21.7,2.025
231,11.5,3.371,1.665,21.7,2.025
232,11.55,3.383,1.671,21.7,2.025
233,11.6,3.396,1.676,21.8,2.026
234,11.65,3.407,1.683,21.8,2.024
235,11.7,3.419,1.688,21.8,2.025
236,11.75,3.427,1.693,21.9,2.024
237,11.8,3.44,1.7,21.9,2.024
238,11.85,3.453,1.705,22,2.025
239,11.9,3.465,1.71,22,2.026
240,11.95,3.476,1.717,22,2.024
241,12,3.488,1.722,22,2.026
242,12.05,3.498,1.727,22.1,2.025
243,12.1,3.51,1.734,22.1,2.024
244,12.15,3.524,1.74,22.2,2.025
245,12.2,3.536,1.745,22.2,2.026
246,12.25,3.544,1.752,22.2,2.023
247,12.3,3.559,1.757,22.3,2.026
248,12.35,3.571,1.762,22.3,2.027
249,12.4,3.582,1.768,22.3,2.026
250,12.45,3.595,1.773,22.4,2.028
251,12.5,3.606,1.779,22.4,2.027
252,12.55,3.614,1.786,22.5,2.024
253,12.6,3.63,1.79,22.5,2.028
254,12.65,3.641,1.795,22.5,2.028
255,12.7,3.653,1.802,22.6,2.027
256,12.75,3.663,1.808,22.6,2.026
257,12.8,3.674,1.813,22.7,2.026
258,12.85,3.684,1.82,22.7,2.024
259,12.9,3.696,1.825,22.7,2.025
260,12.95,3.707,1.831,22.7,2.025
261,13,3.722,1.837,22.8,2.026
262,13.05,3.732,1.843,22.8,2.025
263,13.1,3.746,1.848,22.9,2.027
264,13.15,3.758,1.854,22.9,2.027
265,13.2,3.77,1.859,22.9,2.028
266,13.25,3.778,1.864,23,2.027
267,13.3,3.789,1.871,23,2.025
268,13.35,3.8,1.877,23,2.025
269,13.4,3.813,1.883,23.1,2.025
270,13.45,3.828,1.888,23.1,2.028
271,13.5,3.841,1.894,23.2,2.028
272,13.55,3.847,1.9,23.2,2.025
273,13.6,3.859,1.905,23.2,2.026
274,13.65,3.874,1.911,23.3,2.027
275,13.7,3.886,1.917,23.3,2.027
276,13.75,3.898,1.923,23.4,2.027
277,13.8,3.906,1.928,23.4,2.026
278,13.85,3.92,1.936,23.4,2.025
279,13.9,3.934,1.941,23.4,2.027
280,13.95,3.941,1.947,23.5,2.024
281,14,3.954,1.953,23.5,2.025
282,14.05,3.967,1.959,23.5,2.025
283,14.1,3.979,1.966,23.6,2.024
284,14.15,3.989,1.971,23.6,2.024
285,14.2,3.998,1.976,23.7,2.023
286,14.25,4.011,1.983,23.7,2.023
287,14.3,4.025,1.989,23.7,2.024
288,14.35,4.035,1.995,23.7,2.023
289,14.4,4.047,2.001,23.7,2.022
290,14.45,4.061,2.007,23.8,2.023
291,14.5,4.072,2.014,23.8,2.022
292,14.55,4.085,2.019,23.8,2.023
293,14.6,4.097,2.025,23.9,2.023
294,14.65,4.105,2.032,23.9,2.02
295,14.7,4.12,2.037,23.9,2.023
296,14.75,4.125,2.043,24,2.019
297,14.8,4.125,2.049,24,2.013
298,14.85,4.125,2.055,24,2.007
299,14.9,4.125,2.062,24.1,2
300,14.95,4.125,2.069,24.1,1.994
301,15,4.125,2.075,24.2,1.988
302,15.05,4.125,2.08,24.2,1.983
303,15.1,4.125,2.081,24.5,1.982
304,15.15,4.125,2.081,26.1,1.982
305,15.2,4.125,2.081,28.4,1.982
306,15.25,4.125,2.081,30.7,1.982
307,15.3,4.125,2.081,33,1.982
308,15.35,4.125,2.081,35,1.982
309,15.4,4.125,2.081,37.1,1.982
310,15.45,4.125,2.081,39.2,1.982
311,15.5,4.125,2.081,41.3,1.982
312,15.55,4.125,2.081,43.3,1.982
313,15.6,4.125,2.081,45.4,1.982
314,15.65,4.125,2.081,47.4,1.982
315,15.7,4.125,2.081,49.6,1.982
316,15.75,4.125,2.081,51.6,1.982
317,15.8,4.125,2.081,53.7,1.982
318,15.85,4.125,2.081,55.9,1.982
319,15.9,4.125,2.081,57.9,1.982
320,15.95,4.125,2.081,60.1,1.982
321,16,4.125,2.081,62.2,1.982
322,16.05,4.125,2.081,64.2,1.982
323,16.1,4.125,2.081,66.2,1.982
324,16.15,4.125,2.081,68.2,1.982
325,16.2,4.125,2.081,70.5,1.982
326,16.25,4.125,2.081,72.9,1.982
327,16.3,4.125,2.081,75.1,1.982
328,16.35,4.125,2.081,77.5,1.982
329,16.4,4.125,2.081,79.6,1.982
330,16.45,4.125,2.081,81.8,1.982
331,16.5,4.125,2.081,84.1,1.982
332,16.45,4.125,2.081,80.7,1.982
333,16.4,4.125,2.081,77.7,1.982
334,16.35,4.125,2.081,75,1.982
335,16.3,4.125,2.081,72.2,1.982
336,16.25,4.125,2.081,69.5,1.982
337,16.2,4.125,2.081,66.8,1.982
338,16.15,4.125,2.081,64.1,1.982
339,16.1,4.125,2.081,61.8,1.982
340,16.05,4.125,2.081,59.4,1.982
341,16,4.125,2.081,57,1.982
342,15.95,4.125,2.081,54.6,1.982
343,15.9,4.125,2.081,52.2,1.982
344,15.85,4.125,2.081,49.7,1.982
345,15.8,4.125,2.081,47.2,1.982
346,15.75,4.125,2.081,44.8,1.982
347,15.7,4.125,2.081,42.6,1.982
348,15.65,4.125,2.081,40.4,1.982
349,15.6,4.125,2.081,38,1.982
350,15.55,4.125,2.081,35.7,1.982
351,15.5,4.125,2.081,33.5,1.982
352,15.45,4.125,2.081,31.2,1.982
353,15.4,4.125,2.081,28.9,1.982
354,15.35,4.125,2.081,27,1.982
355,15.3,4.125,2.081,25.1,1.982
356,15.25,4.125,2.081,23.1,1.982
357,15.2,4.125,2.081,21.8,1.982
358,15.15,4.125,2.081,21.1,1.982
359,15.1,4.125,2.081,20.8,1.982
360,15.05,4.125,2.078,20.7,1.985
361,15,4.125,2.072,20.7,1.991
362,14.95,4.125,2.066,20.7,1.997
363,14.9,4.125,2.059,20.7,2.003
364,14.85,4.125,2.053,20.7,2.009
365,14.8,4.125,2.046,20.8,2.016
366,14.75,4.122,2.041,20.7,2.02
367,14.7,4.112,2.035,20.7,2.021
368,14.65,4.103,2.028,20.7,2.023
369,14.6,4.091,2.022,20.7,2.023
370,14.55,4.079,2.017,20.6,2.022
371,14.5,4.067,2.011,20.6,2.022
372,14.45,4.055,2.004,20.6,2.023
373,14.4,4.041,1.997,20.6,2.024
374,14.35,4.028,1.992,20.5,2.022
375,14.3,4.015,1.986,20.5,2.022
376,14.25,4.004,1.98,20.5,2.022
377,14.2,3.992,1.974,20.4,2.022
378,14.15,3.981,1.968,20.4,2.023
379,14.1,3.97,1.962,20.4,2.023
380,14.05,3.961,1.955,20.3,2.026
381,14,3.949,1.95,20.3,2.025
382,13.95,3.935,1.944,20.3,2.024
383,13.9,3.925,1.938,20.2,2.025
384,13.85,3.912,1.932,20.2,2.025
385,13.8,3.9,1.926,20.2,2.025
386,13.75,3.889,1.921,20.1,2.024
387,13.7,3.875,1.915,20.1,2.023
388,13.65,3.866,1.908,20.1,2.026
389,13.6,3.855,1.902,20.1,2.027
390,13.55,3.844,1.897,20,2.026
391,13.5,3.833,1.891,20,2.027
392,13.45,3.822,1.884,20,2.029
393,13.4,3.81,1.879,19.9,2.028
394,13.35,3.796,1.873,19.9,2.027
395,13.3,3.781,1.867,19.9,2.025
396,13.25,3.77,1.862,19.8,2.025
397,13.2,3.758,1.856,19.8,2.025
398,13.15,3.75,1.85,19.8,2.027
399,13.1,3.74,1.844,19.7,2.028
400,13.05,3.728,1.839,19.7,2.027
401,13,3.714,1.833,19.7,2.026
402,12.95,3.7,1.826,19.6,2.026
403,12.9,3.688,1.821,19.6,2.025
404,12.85,3.677,1.816,19.6,2.025
405,12.8,3.667,1.809,19.5,2.027
406,12.75,3.657,1.803,19.5,2.028
407,12.7,3.645,1.799,19.5,2.026
408,12.65,3.634,1.792,19.5,2.028
409,12.6,3.621,1.787,19.4,2.026
410,12.55,3.611,1.781,19.4,2.028
411,12.5,3.6,1.775,19.4,2.028
412,12.45,3.585,1.769,19.3,2.027
413,12.4,3.572,1.765,19.3,2.024
414,12.35,3.559,1.758,19.2,2.024
415,12.3,3.548,1.752,19.2,2.025
416,12.25,3.536,1.747,19.2,2.024
417,12.2,3.525,1.741,19.1,2.025
418,12.15,3.513,1.735,19.1,2.025
419,12.1,3.502,1.729,19.1,2.025
420,12.05,3.491,1.723,19,2.026
421,12,3.481,1.717,19,2.027
422,11.95,3.468,1.712,19,2.026
423,11.9,3.455,1.706,19,2.025
424,11.85,3.445,1.7,18.9,2.026
425,11.8,3.432,1.694,18.9,2.026
426,11.75,3.417,1.689,18.9,2.023
427,11.7,3.406,1.683,18.8,2.024
428,11.65,3.394,1.678,18.8,2.023
429,11.6,3.384,1.671,18.8,2.025
430,11.55,3.373,1.665,18.8,2.026
431,11.5,3.361,1.659,18.7,2.026
432,11.45,3.349,1.654,18.7,2.025
433,11.4,3.336,1.648,18.7,2.024
434,11.35,3.324,1.642,18.6,2.024
435,11.3,3.31,1.637,18.7,2.022
436,11.25,3.297,1.631,18.6,2.021
437,11.2,3.285,1.625,18.5,2.022
438,11.15,3.273,1.619,18.5,2.022
439,11.1,3.26,1.614,18.5,2.02
440,11.05,3.25,1.608,18.5,2.021
441,11,3.238,1.602,18.5,2.021
442,10.95,3.225,1.597,18.4,2.019
443,10.9,3.21,1.59,18.4,2.019
444,10.85,3.197,1.584,18.3,2.018
445,10.8,3.185,1.579,18.4,2.017
446,10.75,3.175,1.573,18.3,2.018
447,10.7,3.163,1.567,18.2,2.019
448,10.65,3.15,1.561,18.2,2.018
449,10.6,3.136,1.556,18.2,2.015
450,10.55,3.122,1.549,18.2,2.015
451,10.5,3.109,1.543,18.1,2.015
452,10.45,3.098,1.538,18.1,2.014
453,10.4,3.086,1.532,18.1,2.014
454,10.35,3.072,1.526,18,2.013
455,10.3,3.061,1.52,18,2.014
456,10.25,3.05,1.514,18,2.015
457,10.2,3.037,1.507,18,2.015
458,10.15,3.02,1.501,18,2.012
459,10.1,3.009,1.497,17.9,2.01
460,10.05,2.998,1.491,17.9,2.011
461,10,2.981,1.484,17.9,2.009
462,9.95,2.971,1.479,17.8,2.009
463,9.9,2.955,1.472,17.8,2.007
464,9.85,2.941,1.466,17.8,2.006
465,9.8,2.928,1.46,17.7,2.005
466,9.75,2.916,1.454,17.7,2.006
467,9.7,2.904,1.448,17.7,2.006
468,9.65,2.892,1.441,17.6,2.007
469,9.6,2.881,1.435,17.6,2.008
470,9.55,2.869,1.429,17.6,2.008
471,9.5,2.854,1.424,17.5,2.004
472,9.45,2.841,1.418,17.5,2.004
473,9.4,2.827,1.411,17.5,2.004
474,9.35,2.817,1.405,17.5,2.005
475,9.3,2.801,1.399,17.5,2.002
476,9.25,2.788,1.394,17.5,2
477,9.2,2.776,1.387,17.4,2.001
478,9.15,2.766,1.381,17.3,2.003
479,9.1,2.754,1.374,17.3,2.004
480,9.05,2.742,1.369,17.3,2.003
481,9,2.728,1.363,17.2,2.001
482,8.95,2.716,1.357,17.2,2.001
483,8.9,2.705,1.35,17.2,2.004
484,8.85,2.692,1.343,17.2,2.004
485,8.8,2.678,1.337,17.1,2.003
486,8.75,2.663,1.331,17.1,2.001
487,8.7,2.652,1.325,17.1,2.002
488,8.65,2.639,1.319,17,2.001
489,8.6,2.627,1.312,17,2.002
490,8.55,2.614,1.306,17,2.002
491,8.5,2.602,1.299,17,2.003
492,8.45,2.594,1.293,17,2.006
493,8.4,2.58,1.286,16.9,2.006
494,8.35,2.568,1.281,16.9,2.005
495,8.3,2.557,1.274,16.9,2.007
496,8.25,2.545,1.268,16.8,2.007
497,8.2,2.531,1.26,16.8,2.009
498,8.15,2.517,1.254,16.8,2.007
499,8.1,2.505,1.248,16.7,2.007
500,8.05,2.495,1.241,16.7,2.01
501,8,2.484,1.234,16.7,2.013
502,7.95,2.473,1.228,16.6,2.014
503,7.9,2.461,1.222,16.6,2.014
504,7.85,2.447,1.216,16.6,2.012
505,7.8,2.436,1.21,16.5,2.013
506,7.75,2.425,1.202,16.5,2.017
507,7.7,2.411,1.195,16.5,2.018
508,7.65,2.399,1.19,16.5,2.016
509,7.6,2.386,1.184,16.4,2.015
510,7.55,2.374,1.178,16.4,2.015
511,7.5,2.363,1.172,16.4,2.016
512,7.45,2.351,1.165,16.3,2.018
513,7.4,2.341,1.158,16.3,2.022
514,7.35,2.33,1.152,16.3,2.023
515,7.3,2.319,1.146,16.3,2.024
516,7.25,2.307,1.14,16.2,2.024
517,7.2,2.296,1.134,16.2,2.025
518,7.15,2.283,1.128,16.1,2.024
519,7.1,2.272,1.12,16.1,2.029
520,7.05,2.26,1.114,16.1,2.029
521,7,2.247,1.108,16.1,2.028
522,6.95,2.232,1.103,16.1,2.024
523,6.9,2.221,1.097,16.1,2.025
524,6.85,2.21,1.091,16,2.026
525,6.8,2.2,1.085,16,2.028
526,6.75,2.19,1.078,16,2.032
527,6.7,2.178,1.072,15.9,2.032
528,6.65,2.167,1.065,15.9,2.035
529,6.6,2.155,1.06,15.9,2.033
530,6.55,2.142,1.053,15.8,2.034
531,6.5,2.132,1.048,15.8,2.034
532,6.45,2.118,1.042,15.8,2.033
533,6.4,2.107,1.036,15.7,2.034
534,6.35,2.095,1.03,15.7,2.034
535,6.3,2.082,1.024,15.7,2.033
536,6.25,2.071,1.018,15.7,2.034
537,6.2,2.059,1.012,15.6,2.035
538,6.15,2.049,1.006,15.6,2.037
539,6.1,2.04,0.999,15.6,2.042
540,6.05,2.029,0.994,15.5,2.041
541,6,2.014,0.988,15.5,2.038
542,5.95,2.002,0.981,15.5,2.041
543,5.9,1.99,0.976,15.5,2.039
544,5.85,1.98,0.971,15.4,2.039
545,5.8,1.967,0.963,15.4,2.043
546,5.75,1.955,0.957,15.4,2.043
547,5.7,1.943,0.952,15.3,2.041
548,5.65,1.932,0.947,15.3,2.04
549,5.6,1.922,0.94,15.3,2.045
550,5.55,1.911,0.933,15.2,2.048
551,5.5,1.901,0.928,15.2,2.048
552,5.45,1.889,0.923,15.2,2.047
553,5.4,1.876,0.916,15.2,2.048
554,5.35,1.864,0.91,15.2,2.048
555,5.3,1.851,0.905,15.1,2.045
556,5.25,1.84,0.898,15.1,2.049
557,5.2,1.83,0.892,15,2.052
558,5.15,1.816,0.887,15,2.047
559,5.1,1.804,0.881,15,2.048
560,5.05,1.793,0.875,15,2.049
561,5,1.781,0.869,14.9,2.049
562,4.95,1.77,0.863,14.9,2.051
563,4.9,1.761,0.857,14.9,2.055
564,4.85,1.75,0.85,14.8,2.059
565,4.8,1.737,0.846,14.8,2.053
566,4.75,1.726,0.84,14.8,2.055
567,4.7,1.715,0.833,14.7,2.059
568,4.65,1.703,0.828,14.7,2.057
569,4.6,1.69,0.822,14.7,2.056
570,4.55,1.676,0.816,14.7,2.054
571,4.5,1.663,0.81,14.6,2.053
572,4.45,1.651,0.805,14.6,2.051
573,4.4,1.641,0.799,14.6,2.054
574,4.35,1.63,0.793,14.6,2.055
575,4.3,1.619,0.788,14.5,2.055
576,4.25,1.608,0.781,14.5,2.059
577,4.2,1.593,0.775,14.5,2.055
578,4.15,1.58,0.769,14.4,2.055
579,4.1,1.57,0.764,14.4,2.055
580,4.05,1.56,0.759,14.4,2.055
581,4,1.545,0.753,14.3,2.052
582,3.95,1.535,0.747,14.3,2.055
583,3.9,1.522,0.741,14.3,2.054
584,3.85,1.507,0.735,14.3,2.05
585,3.8,1.497,0.73,14.2,2.051
586,3.75,1.485,0.724,14.2,2.051
587,3.7,1.473,0.718,14.2,2.052
588,3.65,1.463,0.711,14.2,2.058
589,3.6,1.451,0.706,14.1,2.055
590,3.55,1.438,0.7,14.1,2.054
591,3.5,1.423,0.695,14.1,2.047
592,3.45,1.412,0.688,14,2.052
593,3.4,1.399,0.682,14,2.051
594,3.35,1.387,0.677,14,2.049
595,3.3,1.374,0.672,14,2.045
596,3.25,1.364,0.665,13.9,2.051
597,3.2,1.352,0.659,13.9,2.052
598,3.15,1.338,0.653,13.9,2.049
599,3.1,1.325,0.648,13.8,2.045
600,3.05,1.313,0.642,13.8,2.045
601,3,1.3,0.636,13.8,2.044
602,2.95,1.287,0.63,13.7,2.043
603,2.9,1.275,0.625,13.7,2.04
604,2.85,1.262,0.619,13.7,2.039
605,2.8,1.248,0.612,13.7,2.039
606,2.75,1.236,0.607,13.6,2.036
607,2.7,1.222,0.601,13.6,2.033
608,2.65,1.211,0.595,13.6,2.035
609,2.6,1.197,0.589,13.6,2.032
610,2.55,1.184,0.583,13.5,2.031
611,2.5,1.171,0.577,13.5,2.029
612,2.45,1.161,0.571,13.5,2.033
613,2.4,1.148,0.565,13.4,2.032
614,2.35,1.135,0.56,13.4,2.027
615,2.3,1.122,0.553,13.4,2.029
616,2.25,1.108,0.548,13.4,2.022
617,2.2,1.097,0.541,13.3,2.028
618,2.15,1.086,0.536,13.3,2.026
619,2.1,1.07,0.53,13.3,2.019
620,2.05,1.056,0.524,13.2,2.015
621,2,1.044,0.518,13.2,2.015
622,1.95,1.031,0.512,13.2,2.014
623,1.9,1.019,0.506,13.2,2.014
624,1.85,1.007,0.501,13.2,2.01
625,1.8,0.994,0.494,13.1,2.012
626,1.75,0.984,0.488,13.1,2.016
627,1.7,0.972,0.481,13.1,2.021
628,1.65,0.959,0.475,13,2.019
629,1.6,0.948,0.468,13,2.026
630,1.55,0.935,0.462,13,2.024
631,1.5,0.924,0.457,13,2.022
632,1.45,0.911,0.451,12.9,2.02
633,1.4,0.897,0.444,12.9,2.02
634,1.35,0.883,0.437,12.9,2.021
635,1.3,0.871,0.432,12.8,2.016
636,1.25,0.859,0.426,12.8,2.016
637,1.2,0.847,0.419,12.8,2.021
638,1.15,0.834,0.413,12.7,2.019
639,1.1,0.823,0.406,12.7,2.027
640,1.05,0.812,0.4,12.7,2.03
641,1,0.799,0.396,12.6,2.018
642,0.95,0.786,0.396,12.5,1.985
643,0.9,0.778,0.396,12.2,1.965
644,0.85,0.768,0.396,11.7,1.939
645,0.8,0.768,0.396,10.9,1.939
646,0.75,0.768,0.396,10.2,1.939
647,0.7,0.768,0.396,9.4,1.939
648,0.65,0.768,0.396,8.5,1.939
649,0.6,0.768,0.396,7.7,1.939
650,0.55,0.768,0.396,6.7,1.939
651,0.5,0.768,0.396,5.8,1.939
652,0.45,0.768,0.396,4.8,1.939
653,0.4,0.768,0.396,3.8,1.939
654,0.35,0.768,0.396,2.8,1.939
655,0.3,0.768,0.396,1.7,1.939
656,0.25,0.768,0.396,0.6,1.939
657,0.2,0.768,0.396,0,1.939
658,0.15,0.768,0.396,0,1.939
659,0.1,0.768,0.396,0,1.939
660,0.05,0.768,0.396,0,1.939
661,0,0.768,0.396,0,1.939
662,0,0,0,0,0
663,0,0,0,0,0
664,0,0,0,0,0
665,0,0,0,0,0
666,0,0,0,0,0
667,0,0,0,0,0
668,0,0,0,0,0
669,0,0,0,0,0
670,0,0,0,0,0
671,0,0,0,0,0
672,0,0,0,0,0
673,0,0,0,0,0
674,0,0,0,0,0
675,0,0,0,0,0
676,0,0,0,0,0
677,0,0,0,0,0
678,0,0,0,0,0
679,0,0,0,0,0
680,0,0,0,0,0
681,0,0,0,0,0
682,0,0,0,0,0
683,0,0,0,0,0
684,0,0,0,0,0
685,0,0,0,0,0
686,0,0,0,0,0
687,0,0,0,0,0
688,0,0,0,0,0
689,0,0,0,0,0
690,0,0,0,0,0
691,0,0,0,0,0
692,0,0,0,0,0
693,0,0,0,0,0
694,0,0,0,0,0
695,0,0,0,0,0
696,0,0,0,0,0
697,0,0,0,0,0
698,0,0,0,0,0
699,0,0,0,0,0
700,0,0,0,0,0
701,0,0,0,0,0
702,0,0,0,0,0
703,0,0,0,0,0
704,0,0,0,0,0
705,0,0,0,0,0
706,0,0,0,0,0
707,0,0,0,0,0
708,0,0,0,0,0
709,0,0,0,0,0
710,0,0,0,0,0
711,0,0,0,0,0
712,0,0,0,0,0
713,0,0,0,0,0
714,0,0,0,0,0
715,0,0,0,0,0
716,0,0,0,0,0
717,0,0,0,0,0
718,0,0,0,0,0
719,0,0,0,0,0
720,0,0,0,0,0
721,0,0,0,0,0
722,0,0,0,0,0
723,0,0,0,0,0
724,0,0,0,0,0
725,0,0,0,0,0
726,0,0,0,0,0
727,0,0,0,0,0
728,0,0,0,0,0
729,0,0,0,0,0
730,0,0,0,0,0
731,0,0,0,0,0
732,0,0,0,0,0
733,0,0,0,0,0
734,0,0,0,0,0
735,0,0,0,0,0
736,0,0,0,0,0
737,0,0,0,0,0
738,0,0,0,0,0
739,0,0,0,0,0
740,0,0,0,0,0
741,0,0,0,0,0
742,0,0,0,0,0
743,0,0,0,0,0
744,0,0,0,0,0
745,0,0,0,0,0
746,0,0,0,0,0
747,0,0,0,0,0
748,0,0,0,0,0
749,0,0,0,0,0
750,0,0,0,0,0
751,0,0,0,0,0
752,0,0,0,0,0
753,0,0,0,0,0
754,0,0,0,0,0
755,0,0,0,0,0
756,0,0,0,0,0
757,0,0,0,0,0
758,0,0,0,0,0
759,0,0,0,0,0
760,0,0,0,0,0
761,0,0,0,0,0
762,0,0,0,0,0
763,0,0,0,0,0
764,0,0,0,0,0
765,0,0,0,0,0
766,0,0,0,0,0
767,0,0,0,0,0
768,0,0,0,0,0
769,0,0,0,0,0
770,0,0,0,0,0
771,0,0,0,0,0
772,0,0,0,0,0
773,0,0,0,0,0
774,0,0,0,0,0
775,0,0,0,0,0
776,0,0,0,0,0
777,0,0,0,0,0
778,0,0,0,0,0
779,0,0,0,0,0
780,0,0,0,0,0
781,0,0,0,0,0
782,0,0,0,0,0
783,0,0,0,0,0
784,0,0,0,0,0
785,0,0,0,0,0
786,0,0,0,0,0
787,0,0,0,0,0
788,0,0,0,0,0
789,0,0,0,0,0
790,0,0,0,0,0
791,0,0,0,0,0
792,0,0,0,0,0
793,0,0,0,0,0
794,0,0,0,0,0
795,0,0,0,0,0
796,0,0,0,0,0
797,0,0,0,0,0
798,0,0,0,0,0
799,0,0,0,0,0
800,0,0,0,0,0
801,0,0,0,0,0
802,0,0,0,0,0
803,0,0,0,0,0
804,0,0,0,0,0
805,0,0,0,0,0
806,0,0,0,0,0
807,0,0,0,0,0
808,0,0,0,0,0
809,0,0,0,0,0
810,0,0,0,0,0
811,0,0,0,0,0
812,0,0,0,0,0
813,0,0,0,0,0
814,0,0,0,0,0
815,0,0,0,0,0
816,0,0,0,0,0
817,0,0,0,0,0
818,0,0,0,0,0
819,0,0,0,0,0
820,0,0,0,0,0
821,0,0,0,0,0
822,0,0,0,0,0
823,0,0,0,0,0
824,0,0,0,0,0
825,0,0,0,0,0
826,0,0,0,0,0
827,0,0,0,0,0
828,0,0,0,0,0
829,0,0,0,0,0
830,0,0,0,0,0
831,0,0,0,0,0
832,0,0,0,0,0
833,0,0,0,0,0
834,0,0,0,0,0
835,0,0,0,0,0
836,0,0,0,0,0
837,0,0,0,0,0
838,0,0,0,0,0
839,0,0,0,0,0
840,0,0,0,0,0
841,0,0,0,0,0
842,0,0,0,0,0
843,0,0,0,0,0
844,0,0,0,0,0
845,0,0,0,0,0
846,0,0,0,0,0
847,0,0,0,0,0
848,0,0,0,0,0
849,0,0,0,0,0
850,0,0,0,0,0
851,0,0,0,0,0
852,0,0,0,0,0
853,0,0,0,0,0
854,0,0,0,0,0
855,0,0,0,0,0
856,0,0,0,0,0
857,0,0,0,0,0
858,0,0,0,0,0
859,0,0,0,0,0
860,0,0,0,0,0
861,0,0,0,0,0
862,0,0,0,0,0
863,0,0,0,0,0
864,0,0,0,0,0
865,0,0,0,0,0
866,0,0,0,0,0
867,0,0,0,0,0
868,0,0,0,0,0
869,0,0,0,0,0
870,0,0,0,0,0
871,0,0,0,0,0
872,0,0,0,0,0
873,0,0,0,0,0
874,0,0,0,0,0
875,0,0,0,0,0
876,0,0,0,0,0
877,0,0,0,0,0
878,0,0,0,0,0
879,0,0,0,0,0
880,0,0,0,0,0
881,0,0,0,0,0
882,0,0,0,0,0
883,0,0,0,0,0
884,0,0,0,0,0
885,0,0,0,0,0
886,0,0,0,0,0
887,0,0,0,0,0
888,0,0,0,0,0
889,0,0,0,0,0
890,0,0,0,0,0
891,0,0,0,0,0
892,0,0,0,0,0
893,0,0,0,0,0
894,0,0,0,0,0
895,0,0,0,0,0
896,0,0,0,0,0
897,0,0,0,0,0
898,0,0,0,0,0
899,0,0,0,0,0
900,0,0,0,0,0
901,0,0,0,0,0
902,0,0,0,0,0
903,0,0,0,0,0
904,0,0,0,0,0
905,0,0,0,0,0
906,0,0,0,0,0
907,0,0,0,0,0
908,0,0,0,0,0
909,0,0,0,0,0
910,0,0,0,0,0
911,0,0,0,0,0
912,0,0,0,0,0
913,0,0,0,0,0
914,0,0,0,0,0
915,0,0,0,0,0
916,0,0,0,0,0
917,0,0,0,0,0
918,0,0,0,0,0
919,0,0,0,0,0
920,0,0,0,0,0
921,0,0,0,0,0
922,0,0,0,0,0
923,0,0,0,0,0
924,0,0,0,0,0
925,0,0,0,0,0
926,0,0,0,0,0
927,0,0,0,0,0
928,0,0,0,0,0
929,0,0,0,0,0
930,0,0,0,0,0
931,0,0,0,0,0
932,0,0,0,0,0
933,0,0,0,0,0
934,0,0,0,0,0
935,0,0,0,0,0
936,0,0,0,0,0
937,0,0,0,0,0
938,0,0,0,0,0
939,0,0,0,0,0
940,0,0,0,0,0
941,0,0,0,0,0
942,0,0,0,0,0
943,0,0,0,0,0
944,0,0,0,0,0
945,0,0,0,0,0
946,0,0,0,0,0
947,0,0,0,0,0
948,0,0,0,0,0
949,0,0,0,0,0
950,0,0,0,0,0
951,0,0,0,0,0
952,0,0,0,0,0
953,0,0,0,0,0
954,0,0,0,0,0
955,0,0,0,0,0
956,0,0,0,0,0
957,0,0,0,0,0
958,0,0,0,0,0
959,0,0,0,0,0
960,0,0,0,0,0
961,0,0,0,0,0
962,0,0,0,0,0
963,0,0,0,0,0
964,0,0,0,0,0
965,0,0,0,0,0
966,0,0,0,0,0
967,0,0,0,0,0
968,0,0,0,0,0
969,0,0,0,0,0
970,0,0,0,0,0
971,0,0,0,0,0
972,0,0,0,0,0
973,0,0,0,0,0
974,0,0,0,0,0
975,0,0,0,0,0
976,0,0,0,0,0
977,0,0,0,0,0
978,0,0,0,0,0
979,0,0,0,0,0
980,0,0,0,0,0
981,0,0,0,0,0
982,0,0,0,0,0
983,0,0,0,0,0
984,0,0,0,0,0
985,0,0,0,0,0
986,0,0,0,0,0
987,0,0,0,0,0
988,0,0,0,0,0
989,0,0,0,0,0
990,0,0,0,0,0
991,0,0,0,0,0
992,0,0,0,0,0
993,0,0,0,0,0
994,0,0,0,0,0
995,0,0,0,0,0
996,0,0,0,0,0
997,0,0,0,0,0
998,0,0,0,0,0
999,0,0,0,0,0
1000,0,0,0,0,0
